Unnamed: 0.1,Unnamed: 0,datetime,city,state,country,shape,duration (seconds),year,month,day,hour,min,sec
874,24572.0,2010-01-04 02:40:00,glen spey,ny,us,flash,2100.0,2010,01,04,2,2,2100.0
884,24774.0,2010-01-05 17:43:00,new paltz,ny,us,triangle,45.0,2010,01,05,17,17,45.0
894,25117.0,2010-01-07 05:15:00,southampton,ny,us,formation,30.0,2010,01,07,5,5,30.0
903,25455.0,2010-01-09 21:30:00,buffalo,ny,us,light,2.0,2010,01,09,21,21,2.0
644,16792.0,2010-01-20 03:34:00,gowanda,ny,us,fireball,5.0,2010,01,20,3,3,5.0
645,16799.0,2010-01-20 19:00:00,poughkeepsie,ny,us,disk,900.0,2010,01,20,19,19,900.0
662,17545.0,2010-01-21 18:05:00,rochester,ny,us,circle,2400.0,2010,01,21,18,18,2400.0
732,19734.0,2010-01-22 23:20:00,peekskill,ny,us,unknown,30.0,2010,01,22,23,23,30.0
1055,29350.0,2010-02-04 06:15:00,spencerport,ny,us,disk,20.0,2010,02,04,6,6,20.0
1078,29956.0,2010-02-08 05:40:00,riverhead,ny,us,circle,120.0,2010,02,08,5,5,120.0
998,28088.0,2010-02-22 17:30:00,new york city (manhattan),ny,us,disk,15.0,2010,02,22,17,17,15.0
1256,34702.0,2010-03-04 23:45:00,ballston lake,ny,us,fireball,2.0,2010,03,04,23,23,2.0
1263,34848.0,2010-03-05 17:20:00,hicksville,ny,us,oval,90.0,2010,03,05,17,17,90.0
1274,35222.0,2010-03-07 21:17:00,liverpool,ny,us,changing,60.0,2010,03,07,21,21,60.0
1129,31208.0,2010-03-13 18:00:00,new york city (staten island),ny,us,sphere,3600.0,2010,03,13,18,18,3600.0
1152,31916.0,2010-03-16 15:30:00,hewlett,ny,us,sphere,45.0,2010,03,16,15,15,45.0
1153,31924.0,2010-03-16 23:30:00,little neck,ny,us,unknown,7200.0,2010,03,16,23,23,7200.0
1169,32090.0,2010-03-17 00:00:00,highland,ny,us,light,15.0,2010,03,17,0,0,15.0
1176,32403.0,2010-03-19 23:00:00,buffalo,ny,us,formation,10.0,2010,03,19,23,23,10.0
1460,41070.0,2010-04-09 22:00:00,plainview,ny,us,unknown,300.0,2010,04,09,22,22,300.0
1294,35734.0,2010-04-10 01:04:00,new york city (queens),ny,us,oval,900.0,2010,04,10,1,1,900.0
1297,35900.0,2010-04-11 21:00:00,hudson,ny,us,triangle,600.0,2010,04,11,21,21,600.0
1312,36351.0,2010-04-12 00:00:00,camillus,ny,us,cigar,600.0,2010,04,12,0,0,600.0
1322,36682.0,2010-04-14 06:30:00,andover,ny,us,cylinder,20.0,2010,04,14,6,6,20.0
1323,36683.0,2010-04-14 09:50:00,auburn,ny,us,changing,55.0,2010,04,14,9,9,55.0
1324,36691.0,2010-04-14 22:00:00,auburn,ny,us,changing,60.0,2010,04,14,22,22,60.0
1349,37466.0,2010-04-17 22:12:00,angola,ny,us,triangle,3600.0,2010,04,17,22,22,3600.0
1391,38527.0,2010-04-22 23:00:00,lagrangeville,ny,us,cigar,300.0,2010,04,22,23,23,300.0
1409,38880.0,2010-04-24 03:00:00,east islip,ny,us,sphere,60.0,2010,04,24,3,3,60.0
1431,39750.0,2010-04-29 03:00:00,massapequa,ny,us,light,300.0,2010,04,29,3,3,300.0
1509,42255.0,2010-05-14 21:12:00,saugerties,ny,us,light,180.0,2010,05,14,21,21,180.0
1545,43217.0,2010-05-19 12:00:00,new york city (staten island),ny,us,disk,180.0,2010,05,19,12,12,180.0
1562,43884.0,2010-05-22 11:58:00,howard beach,ny,us,circle,1800.0,2010,05,22,11,11,1800.0
1616,45102.0,2010-05-30 10:30:00,watertown,ny,us,circle,7200.0,2010,05,30,10,10,7200.0
1617,45242.0,2010-05-31 02:50:00,mastic,ny,us,circle,3.0,2010,05,31,2,2,3.0
1747,47917.0,2010-06-01 01:00:00,massapequa,ny,us,light,45.0,2010,06,01,1,1,45.0
1748,47919.0,2010-06-01 05:00:00,buffalo,ny,us,formation,10.0,2010,06,01,5,5,10.0
1749,47921.0,2010-06-01 17:40:00,new york city (queens village),ny,us,cigar,240.0,2010,06,01,17,17,240.0
1750,47922.0,2010-06-01 19:05:00,new york city (manhattan),ny,us,other,300.0,2010,06,01,19,19,300.0
1866,50871.0,2010-06-02 09:30:00,garden city,ny,us,cigar,900.0,2010,06,02,9,9,900.0
2003,53966.0,2010-06-06 02:00:00,new york city (brooklyn),ny,us,sphere,3600.0,2010,06,06,2,2,3600.0
1756,48133.0,2010-06-12 00:00:00,rochester,ny,us,triangle,1200.0,2010,06,12,0,0,1200.0
1765,48511.0,2010-06-14 22:15:00,monroe,ny,us,unknown,30.0,2010,06,14,22,22,30.0
1835,50204.0,2010-06-19 22:50:00,watertown,ny,us,other,300.0,2010,06,19,22,22,300.0
1859,50714.0,2010-06-21 01:00:00,new york city (brooklyn),ny,us,light,5.0,2010,06,21,1,1,5.0
1888,51329.0,2010-06-23 23:30:00,chappaqua,ny,us,sphere,120.0,2010,06,23,23,23,120.0
1908,51790.0,2010-06-25 23:35:00,utica,ny,us,light,60.0,2010,06,25,23,23,60.0
1928,52332.0,2010-06-28 16:00:00,lyndonville,ny,us,circle,15.0,2010,06,28,16,16,15.0
2087,55564.0,2010-07-01 23:00:00,lackawanna,ny,us,triangle,300.0,2010,07,01,23,23,300.0
2363,61375.0,2010-07-03 21:30:00,watkins glen,ny,us,light,360.0,2010,07,03,21,21,360.0
2384,62184.0,2010-07-04 22:00:00,wading river? franklin sq,ny,,oval,300.0,2010,07,04,22,22,300.0
2386,62219.0,2010-07-04 22:54:00,auburn,ny,us,triangle,10.0,2010,07,04,22,22,10.0
2385,62218.0,2010-07-04 22:54:00,auburn,ny,us,triangle,10.0,2010,07,04,22,22,10.0
2388,62228.0,2010-07-04 23:00:00,hempstead,ny,us,light,600.0,2010,07,04,23,23,600.0
2387,62226.0,2010-07-04 23:00:00,grand island,ny,,fireball,3.0,2010,07,04,23,23,3.0
2389,62244.0,2010-07-04 23:10:00,wassaic,ny,us,circle,60.0,2010,07,04,23,23,60.0
2390,62248.0,2010-07-04 23:30:00,cortland,ny,us,fireball,300.0,2010,07,04,23,23,300.0
2421,62968.0,2010-07-05 23:00:00,cooperstown,ny,us,light,5.0,2010,07,05,23,23,5.0
2422,62972.0,2010-07-05 23:30:00,lynbrook,ny,us,oval,120.0,2010,07,05,23,23,120.0
2444,63837.0,2010-07-08 23:13:00,sayville,ny,us,flash,1800.0,2010,07,08,23,23,1800.0
2452,64038.0,2010-07-09 21:45:00,rome,ny,us,triangle,900.0,2010,07,09,21,21,900.0
2453,64045.0,2010-07-09 22:12:00,selden,ny,us,circle,30.0,2010,07,09,22,22,30.0
2040,54808.0,2010-07-10 21:30:00,springwater,ny,us,fireball,300.0,2010,07,10,21,21,300.0
2041,54832.0,2010-07-10 23:20:00,orangeburg,ny,us,cylinder,60.0,2010,07,10,23,23,60.0
2042,54834.0,2010-07-10 23:50:00,east hampton,ny,us,circle,30.0,2010,07,10,23,23,30.0
2055,55031.0,2010-07-11 01:00:00,fairport,ny,us,triangle,900.0,2010,07,11,1,1,900.0
2056,55042.0,2010-07-11 18:00:00,smithtown,ny,us,flash,900.0,2010,07,11,18,18,900.0
2057,55047.0,2010-07-11 21:15:00,sag harbor,ny,us,light,120.0,2010,07,11,21,21,120.0
2135,56353.0,2010-07-14 21:55:00,rochester,ny,us,light,30.0,2010,07,14,21,21,30.0
2178,57639.0,2010-07-17 19:15:00,west seneca,ny,,sphere,30.0,2010,07,17,19,19,30.0
2179,57642.0,2010-07-17 21:38:00,tonawanda,ny,us,circle,600.0,2010,07,17,21,21,600.0
2180,57656.0,2010-07-17 23:30:00,brookhaven,ny,us,light,120.0,2010,07,17,23,23,120.0
2217,58426.0,2010-07-20 00:35:00,albany,ny,us,other,2.0,2010,07,20,0,0,2.0
2218,58428.0,2010-07-20 01:00:00,selkirk,ny,us,unknown,60.0,2010,07,20,1,1,60.0
2219,58435.0,2010-07-20 12:35:00,appleton,ny,us,light,45.0,2010,07,20,12,12,45.0
2273,59503.0,2010-07-24 18:30:00,new york city,ny,us,sphere,120.0,2010,07,24,18,18,120.0
2274,59509.0,2010-07-24 22:55:00,minetto,ny,us,triangle,120.0,2010,07,24,22,22,120.0
2355,61132.0,2010-07-31 22:10:00,tarrytown,ny,us,circle,30.0,2010,07,31,22,22,30.0
2834,71904.0,2010-08-06 18:00:00,south cairo,ny,us,triangle,120.0,2010,08,06,18,18,120.0
2850,72155.0,2010-08-07 20:20:00,baiting h,ny,,disk,120.0,2010,08,07,20,20,120.0
2851,72156.0,2010-08-07 20:45:00,cooperstown,ny,us,fireball,180.0,2010,08,07,20,20,180.0
2852,72157.0,2010-08-07 21:00:00,south cairo,ny,us,light,180.0,2010,08,07,21,21,180.0
2872,72691.0,2010-08-09 09:00:00,ridgewood,ny,us,other,40.0,2010,08,09,9,9,40.0
2873,72692.0,2010-08-09 15:00:00,new york city (central park),ny,us,circle,30.0,2010,08,09,15,15,30.0
2473,64351.0,2010-08-10 00:00:00,minoa,ny,us,other,20.0,2010,08,10,0,0,20.0
2529,65781.0,2010-08-13 22:45:00,pompey,ny,us,formation,120.0,2010,08,13,22,22,120.0
2586,67037.0,2010-08-16 20:15:00,circleville,ny,us,light,60.0,2010,08,16,20,20,60.0
2600,67515.0,2010-08-18 23:00:00,scotchtown,ny,us,unknown,5.0,2010,08,18,23,23,5.0
2634,68151.0,2010-08-20 01:00:00,alexandria,ny,,sphere,1800.0,2010,08,20,1,1,1800.0
2648,68437.0,2010-08-21 22:00:00,franklin square,ny,us,fireball,1200.0,2010,08,21,22,22,1200.0
2734,70057.0,2010-08-27 20:55:00,binghamton,ny,us,light,180.0,2010,08,27,20,20,180.0
2735,70065.0,2010-08-27 23:30:00,harriman state park,ny,,light,4.0,2010,08,27,23,23,4.0
2750,70281.0,2010-08-28 18:10:00,ardsley,ny,us,oval,180.0,2010,08,28,18,18,180.0
2751,70287.0,2010-08-28 20:30:00,ardsley,ny,us,rectangle,60.0,2010,08,28,20,20,60.0
2752,70294.0,2010-08-28 21:30:00,valatie,ny,us,light,30.0,2010,08,28,21,21,30.0
2753,70300.0,2010-08-28 22:30:00,rochester,ny,us,fireball,600.0,2010,08,28,22,22,600.0
2754,70302.0,2010-08-28 23:30:00,ardsley,ny,us,other,30.0,2010,08,28,23,23,30.0
2764,70478.0,2010-08-29 16:00:00,irondequoit,ny,us,cylinder,40.0,2010,08,29,16,16,40.0
2765,70481.0,2010-08-29 21:00:00,cutchogue,ny,us,unknown,3600.0,2010,08,29,21,21,3600.0
2777,70706.0,2010-08-30 01:30:00,mountaindale,ny,,circle,7200.0,2010,08,30,1,1,7200.0
2798,70965.0,2010-08-31 22:00:00,new york city (queens),ny,us,light,180.0,2010,08,31,22,22,180.0
3147,78981.0,2010-09-03 21:51:00,webster,ny,us,triangle,3000.0,2010,09,03,21,21,3000.0
3156,79192.0,2010-09-04 20:51:00,middletown,ny,us,unknown,3.0,2010,09,04,20,20,3.0
3157,79199.0,2010-09-04 22:00:00,lindenhurst,ny,us,unknown,90.0,2010,09,04,22,22,90.0
3167,79416.0,2010-09-05 20:50:00,north tonawanda,ny,us,triangle,1200.0,2010,09,05,20,20,1200.0
3168,79424.0,2010-09-05 23:00:00,rochester,ny,us,circle,45.0,2010,09,05,23,23,45.0
3178,79623.0,2010-09-06 04:30:00,babylon,ny,us,disk,1200.0,2010,09,06,4,4,1200.0
3187,79813.0,2010-09-07 01:17:00,mountaindale,ny,,light,3600.0,2010,09,07,1,1,3600.0
3213,80260.0,2010-09-09 00:31:00,new york city (manhattan),ny,us,disk,180.0,2010,09,09,0,0,180.0
2884,72941.0,2010-09-10 05:30:00,inwood,ny,us,light,1800.0,2010,09,10,5,5,1800.0
2885,72946.0,2010-09-10 20:45:00,rochester,ny,us,unknown,3600.0,2010,09,10,20,20,3600.0
2886,72947.0,2010-09-10 21:00:00,frankfort,ny,us,oval,120.0,2010,09,10,21,21,120.0
2911,73220.0,2010-09-11 15:00:00,new york city,ny,us,other,1200.0,2010,09,11,15,15,1200.0
2953,74209.0,2010-09-13 12:00:00,utica,ny,us,light,30.0,2010,09,13,12,12,30.0
2990,74951.0,2010-09-15 19:40:00,hampton bays,ny,us,triangle,10.0,2010,09,15,19,19,10.0
3013,75606.0,2010-09-18 14:42:00,rochester,ny,us,egg,120.0,2010,09,18,14,14,120.0
3014,75608.0,2010-09-18 18:00:00,woodbury,ny,us,light,600.0,2010,09,18,18,18,600.0
3015,75610.0,2010-09-18 20:30:00,westbury,ny,us,fireball,600.0,2010,09,18,20,20,600.0
3054,76443.0,2010-09-21 08:32:00,cicero,ny,us,circle,1.0,2010,09,21,8,8,1.0
3105,77871.0,2010-09-26 04:30:00,sayville,ny,us,other,20.0,2010,09,26,4,4,20.0
257,6159.0,2010-10-03 05:20:00,new york city (staten island),ny,us,oval,900.0,2010,10,03,5,5,900.0
258,6169.0,2010-10-03 22:00:00,new york city,ny,us,light,300.0,2010,10,03,22,22,300.0
271,6541.0,2010-10-05 19:34:00,buffalo,ny,us,changing,240.0,2010,10,05,19,19,240.0
299,7121.0,2010-10-08 07:25:00,canandaigua,ny,us,flash,180.0,2010,10,08,7,7,180.0
12,212.0,2010-10-10 01:00:00,orchard park,ny,us,light,7200.0,2010,10,10,1,1,7200.0
13,227.0,2010-10-10 21:30:00,albany,ny,us,circle,10.0,2010,10,10,21,21,10.0
30,423.0,2010-10-11 04:50:00,albany,ny,us,oval,120.0,2010,10,11,4,4,120.0
74,1376.0,2010-10-13 04:45:00,rochester,ny,us,light,3600.0,2010,10,13,4,4,3600.0
110,2209.0,2010-10-15 03:30:00,buffalo,ny,us,sphere,5400.0,2010,10,15,3,3,5400.0
111,2219.0,2010-10-15 21:27:00,buffalo,ny,us,fireball,120.0,2010,10,15,21,21,120.0
130,2810.0,2010-10-18 04:00:00,highland,ny,us,triangle,60.0,2010,10,18,4,4,60.0
131,2813.0,2010-10-18 07:30:00,honeoye falls,ny,us,,10.0,2010,10,18,7,7,10.0
134,3001.0,2010-10-19 13:00:00,yonkers,ny,us,sphere,900.0,2010,10,19,13,13,900.0
184,4104.0,2010-10-23 07:00:00,highland,ny,us,other,10.0,2010,10,23,7,7,10.0
192,4567.0,2010-10-25 23:00:00,new york city (brooklyn),ny,us,light,2400.0,2010,10,25,23,23,2400.0
211,4929.0,2010-10-27 21:00:00,brockport,ny,us,triangle,1800.0,2010,10,27,21,21,1800.0
228,5344.0,2010-10-29 05:15:00,herkimer,ny,us,fireball,20.0,2010,10,29,5,5,20.0
351,8468.0,2010-11-01 00:00:00,rushville/canandaguia,ny,,light,300.0,2010,11,01,0,0,300.0
352,8477.0,2010-11-01 18:00:00,forest hills,ny,us,cylinder,60.0,2010,11,01,18,18,60.0
556,14169.0,2010-11-03 23:00:00,albany,ny,us,light,10800.0,2010,11,03,23,23,10800.0
592,15400.0,2010-11-06 16:00:00,arkport,ny,us,light,60.0,2010,11,06,16,16,60.0
603,15767.0,2010-11-07 00:30:00,canajoharie,ny,us,flash,3600.0,2010,11,07,0,0,3600.0
324,7773.0,2010-11-10 00:00:00,boston,ny,us,flash,3600.0,2010,11,10,0,0,3600.0
325,7780.0,2010-11-10 17:45:00,verona,ny,us,diamond,60.0,2010,11,10,17,17,60.0
337,8010.0,2010-11-11 17:00:00,wallkill,ny,us,other,240.0,2010,11,11,17,17,240.0
372,8762.0,2010-11-12 00:00:00,ithaca,ny,us,other,3600.0,2010,11,12,0,0,3600.0
373,8777.0,2010-11-12 21:00:00,north sanford,ny,us,circle,5.0,2010,11,12,21,21,5.0
390,9215.0,2010-11-14 21:00:00,washingtonville,ny,us,unknown,120.0,2010,11,14,21,21,120.0
484,11663.0,2010-11-20 17:00:00,averill park,ny,us,disk,10.0,2010,11,20,17,17,10.0
515,12617.0,2010-11-23 16:55:00,albany (3 hrs w of: on interstate-90 near exit 44),ny,us,other,45.0,2010,11,23,16,16,45.0
518,12787.0,2010-11-24 07:04:00,gloversville,ny,us,formation,900.0,2010,11,24,7,7,900.0
733,19735.0,2010-12-02 23:22:00,medford,ny,us,other,5.0,2010,12,02,23,23,5.0
848,23629.0,2010-12-08 20:35:00,pine bush,ny,us,light,120.0,2010,12,08,20,20,120.0
849,23630.0,2010-12-08 21:20:00,newburgh,ny,us,changing,300.0,2010,12,08,21,21,300.0
692,18414.0,2010-12-15 06:30:00,new york city (staten island),ny,us,circle,2100.0,2010,12,15,6,6,2100.0
699,18579.0,2010-12-16 19:40:00,airmont,ny,us,light,600.0,2010,12,16,19,19,600.0
713,18996.0,2010-12-19 04:27:00,new york city (queens),ny,us,light,2700.0,2010,12,19,4,4,2700.0
750,20540.0,2010-12-25 22:00:00,southampton,ny,us,light,120.0,2010,12,25,22,22,120.0
867,24403.0,2011-01-03 05:30:00,selden,ny,us,light,45.0,2011,01,03,5,5,45.0
888,24903.0,2011-01-06 03:30:00,penn yan,ny,us,flash,180.0,2011,01,06,3,3,180.0
353,8505.0,2011-01-11 18:30:00,buffalo area (in-flight observation),ny,,unknown,300.0,2011,01,11,18,18,300.0
354,8506.0,2011-01-11 18:45:00,buffalo area (in-flight observation),ny,,unknown,300.0,2011,01,11,18,18,300.0
595,15438.0,2011-01-16 22:12:00,new york,ny,us,light,300.0,2011,01,16,22,22,300.0
832,23034.0,2011-01-26 03:00:00,new york city (brooklyn),ny,us,fireball,180.0,2011,01,26,3,3,180.0
1056,29354.0,2011-02-04 19:00:00,marathon,ny,us,chevron,20.0,2011,02,04,19,19,20.0
1059,29495.0,2011-02-05 18:00:00,latham,ny,us,oval,4.0,2011,02,05,18,18,4.0
920,26162.0,2011-02-12 05:30:00,niagara falls,ny,us,sphere,60.0,2011,02,12,5,5,60.0
938,26489.0,2011-02-14 12:35:00,tuckahoe,ny,us,teardrop,3.0,2011,02,14,12,12,3.0
939,26493.0,2011-02-14 19:30:00,millbrook,ny,us,teardrop,180.0,2011,02,14,19,19,180.0
962,27255.0,2011-02-18 19:10:00,sag harbor,ny,us,diamond,1800.0,2011,02,18,19,19,1800.0
966,27407.0,2011-02-19 06:30:00,endicott,ny,us,,480.0,2011,02,19,6,6,480.0
972,27598.0,2011-02-20 20:10:00,hannacroix,ny,us,light,4.0,2011,02,20,20,20,4.0
1007,28276.0,2011-02-23 07:15:00,central valley,ny,us,diamond,60.0,2011,02,23,7,7,60.0
1008,28279.0,2011-02-23 19:50:00,holley,ny,us,triangle,120.0,2011,02,23,19,19,120.0
1116,30749.0,2011-03-01 17:15:00,new york city (manhattan),ny,us,other,300.0,2011,03,01,17,17,300.0
1257,34707.0,2011-03-04 11:15:00,new york city (queens),ny,us,unknown,1200.0,2011,03,04,11,11,1200.0
1258,34708.0,2011-03-04 11:20:00,new york city (time square),ny,us,circle,1800.0,2011,03,04,11,11,1800.0
1130,31223.0,2011-03-13 22:00:00,plattekill,ny,us,triangle,3600.0,2011,03,13,22,22,3600.0
1170,32097.0,2011-03-17 17:30:00,middletown,ny,us,sphere,420.0,2011,03,17,17,17,420.0
1231,34067.0,2011-03-29 20:00:00,oakdale,ny,us,circle,300.0,2011,03,29,20,20,300.0
1381,38355.0,2011-04-02 00:36:00,springville,ny,us,unknown,4.0,2011,04,02,0,0,4.0
1382,38362.0,2011-04-02 21:00:00,franklin square/valley stream border,ny,,triangle,5.0,2011,04,02,21,21,5.0
1448,40750.0,2011-04-07 09:00:00,new york,ny,us,cylinder,6.0,2011,04,07,9,9,6.0
1449,40751.0,2011-04-07 19:00:00,valatie,ny,us,light,300.0,2011,04,07,19,19,300.0
1456,40903.0,2011-04-08 01:00:00,auburn,ny,us,triangle,600.0,2011,04,08,1,1,600.0
1461,41075.0,2011-04-09 01:30:00,buffalo,ny,us,circle,15.0,2011,04,09,1,1,15.0
1462,41082.0,2011-04-09 20:30:00,grand island,ny,,light,30.0,2011,04,09,20,20,30.0
1332,37067.0,2011-04-15 19:00:00,campville,ny,us,light,900.0,2011,04,15,19,19,900.0
1333,37070.0,2011-04-15 23:50:00,new york city,ny,us,circle,900.0,2011,04,15,23,23,900.0
1354,37628.0,2011-04-18 22:05:00,new york city (queens),ny,us,triangle,7.0,2011,04,18,22,22,7.0
1364,37792.0,2011-04-19 03:00:00,sea cliff,ny,us,light,30.0,2011,04,19,3,3,30.0
1417,39229.0,2011-04-26 21:00:00,rockland,ny,us,light,10.0,2011,04,26,21,21,10.0
1432,39763.0,2011-04-29 22:30:00,corning,ny,us,light,10800.0,2011,04,29,22,22,10800.0
1437,39927.0,2011-04-30 09:00:00,pennellville,ny,us,light,60.0,2011,04,30,9,9,60.0
1489,41759.0,2011-05-01 21:30:00,sound beach,ny,us,light,240.0,2011,05,01,21,21,240.0
1642,45764.0,2011-05-05 01:03:00,rochester,ny,us,triangle,300.0,2011,05,05,1,1,300.0
1658,46115.0,2011-05-07 12:44:00,douglaston,ny,us,triangle,60.0,2011,05,07,12,12,60.0
1659,46118.0,2011-05-07 21:30:00,cambria,ny,,unknown,6.0,2011,05,07,21,21,6.0
1503,42119.0,2011-05-13 21:00:00,olivebridge,ny,us,light,5.0,2011,05,13,21,21,5.0
1510,42261.0,2011-05-14 02:50:00,new york city (brooklyn),ny,us,changing,1200.0,2011,05,14,2,2,1200.0
1568,44049.0,2011-05-23 10:30:00,south kortright,ny,us,oval,3600.0,2011,05,23,10,10,3600.0
1599,44800.0,2011-05-28 21:55:00,buffalo,ny,us,unknown,240.0,2011,05,28,21,21,240.0
1600,44802.0,2011-05-28 22:00:00,new york city (queens),ny,us,disk,900.0,2011,05,28,22,22,900.0
1601,44803.0,2011-05-28 22:00:00,new york city (queens/whitestone),ny,us,unknown,15.0,2011,05,28,22,22,15.0
1610,44968.0,2011-05-29 23:25:00,ithaca,ny,us,formation,300.0,2011,05,29,23,23,300.0
1751,47933.0,2011-06-01 00:00:00,bergen,ny,us,triangle,120.0,2011,06,01,0,0,120.0
1978,53393.0,2011-06-03 22:00:00,cuba,ny,us,sphere,300.0,2011,06,03,22,22,300.0
1984,53536.0,2011-06-04 21:30:00,rochester,ny,us,fireball,600.0,2011,06,04,21,21,600.0
1985,53537.0,2011-06-04 22:10:00,beacon,ny,us,triangle,60.0,2011,06,04,22,22,60.0
1992,53719.0,2011-06-05 14:38:00,buffalo,ny,us,diamond,10.0,2011,06,05,14,14,10.0
2011,54177.0,2011-06-07 21:29:00,huntington,ny,us,flash,4.0,2011,06,07,21,21,4.0
2012,54179.0,2011-06-07 22:30:00,palermo,ny,us,light,180.0,2011,06,07,22,22,180.0
1686,46656.0,2011-06-10 09:00:00,new rochelle,ny,us,unknown,2.0,2011,06,10,9,9,2.0
1687,46664.0,2011-06-10 23:00:00,pawling,ny,us,fireball,10.0,2011,06,10,23,23,10.0
1757,48152.0,2011-06-12 22:56:00,hudson falls,ny,us,other,600.0,2011,06,12,22,22,600.0
1766,48525.0,2011-06-14 22:25:00,astoria,ny,us,cigar,15.0,2011,06,14,22,22,15.0
1767,48528.0,2011-06-14 23:30:00,new york city (manhattan),ny,us,sphere,420.0,2011,06,14,23,23,420.0
1798,49392.0,2011-06-15 03:00:00,pennellville,ny,us,light,180.0,2011,06,15,3,3,180.0
1817,49801.0,2011-06-17 21:30:00,cicero,ny,us,fireball,120.0,2011,06,17,21,21,120.0
1830,50002.0,2011-06-18 23:00:00,bethpage,ny,us,oval,360.0,2011,06,18,23,23,360.0
1829,50001.0,2011-06-18 23:00:00,bethpage,ny,us,oval,360.0,2011,06,18,23,23,360.0
1836,50212.0,2011-06-19 21:30:00,new york city (brooklyn),ny,us,fireball,240.0,2011,06,19,21,21,240.0
1837,50215.0,2011-06-19 23:00:00,albany,ny,us,fireball,60.0,2011,06,19,23,23,60.0
1873,51074.0,2011-06-22 14:36:00,hudson falls,ny,us,fireball,120.0,2011,06,22,14,14,120.0
1874,51076.0,2011-06-22 21:00:00,pomona,ny,us,fireball,10.0,2011,06,22,21,21,10.0
1901,51562.0,2011-06-24 21:00:00,canandaigua,ny,us,light,360.0,2011,06,24,21,21,360.0
1916,52004.0,2011-06-26 23:30:00,north babylon,ny,us,light,900.0,2011,06,26,23,23,900.0
1931,52523.0,2011-06-29 22:15:00,new york city (staten island),ny,us,light,30.0,2011,06,29,22,22,30.0
1967,53212.0,2011-06-30 23:30:00,modena,ny,us,light,300.0,2011,06,30,23,23,300.0
2088,55573.0,2011-07-01 01:00:00,dansville,ny,us,sphere,120.0,2011,07,01,1,1,120.0
2089,55584.0,2011-07-01 21:45:00,ontario,ny,us,oval,180.0,2011,07,01,21,21,180.0
2090,55597.0,2011-07-01 23:45:00,albany,ny,us,fireball,1200.0,2011,07,01,23,23,1200.0
2247,58874.0,2011-07-02 17:00:00,washington,ny,,disk,900.0,2011,07,02,17,17,900.0
2364,61426.0,2011-07-03 21:00:00,esperance,ny,us,formation,180.0,2011,07,03,21,21,180.0
2391,62266.0,2011-07-04 18:30:00,new york,ny,us,light,10800.0,2011,07,04,18,18,10800.0
2392,62286.0,2011-07-04 21:00:00,franklin square,ny,us,fireball,120.0,2011,07,04,21,21,120.0
2393,62330.0,2011-07-04 22:00:00,bellport,ny,us,light,300.0,2011,07,04,22,22,300.0
2395,62380.0,2011-07-04 22:45:00,rochester,ny,us,circle,1800.0,2011,07,04,22,22,1800.0
2394,62378.0,2011-07-04 22:45:00,levittown,ny,us,formation,300.0,2011,07,04,22,22,300.0
2396,62400.0,2011-07-04 23:45:00,verona,ny,us,light,600.0,2011,07,04,23,23,600.0
2438,63607.0,2011-07-07 19:00:00,horseheads,ny,us,changing,180.0,2011,07,07,19,19,180.0
2454,64061.0,2011-07-09 20:00:00,medford,ny,us,circle,180.0,2011,07,09,20,20,180.0
2043,54842.0,2011-07-10 14:00:00,new york city (brooklyn),ny,us,sphere,300.0,2011,07,10,14,14,300.0
2044,54846.0,2011-07-10 20:45:00,menands,ny,us,unknown,300.0,2011,07,10,20,20,300.0
2045,54847.0,2011-07-10 21:30:00,canisteo,ny,us,fireball,60.0,2011,07,10,21,21,60.0
2046,54851.0,2011-07-10 22:45:00,new york city (brooklyn),ny,us,oval,99.0,2011,07,10,22,22,99.0
2047,54853.0,2011-07-10 23:15:00,ocean beach (fire island),ny,us,light,30.0,2011,07,10,23,23,30.0
2058,55061.0,2011-07-11 01:45:00,wingdale,ny,us,sphere,3600.0,2011,07,11,1,1,3600.0
2116,56086.0,2011-07-13 08:53:00,lancaster,ny,us,fireball,15.0,2011,07,13,8,8,15.0
2117,56095.0,2011-07-13 21:40:00,watkins glen,ny,us,fireball,1200.0,2011,07,13,21,21,1200.0
2118,56099.0,2011-07-13 22:29:00,watkins glen,ny,us,light,600.0,2011,07,13,22,22,600.0
2119,56101.0,2011-07-13 22:30:00,watkins glen,ny,us,light,600.0,2011,07,13,22,22,600.0
2163,57234.0,2011-07-15 23:20:00,poughquag,ny,us,triangle,10.0,2011,07,15,23,23,10.0
2172,57444.0,2011-07-16 21:30:00,penfield,ny,us,circle,900.0,2011,07,16,21,21,900.0
2181,57664.0,2011-07-17 04:06:00,averill park,ny,us,fireball,2.0,2011,07,17,4,4,2.0
2199,58125.0,2011-07-19 22:00:00,poughkeepsie,ny,us,fireball,300.0,2011,07,19,22,22,300.0
2198,58124.0,2011-07-19 22:00:00,evans mills,ny,us,unknown,300.0,2011,07,19,22,22,300.0
2200,58128.0,2011-07-19 23:00:00,lindenhurst,ny,us,light,120.0,2011,07,19,23,23,120.0
2228,58664.0,2011-07-21 20:45:00,rochester,ny,us,changing,60.0,2011,07,21,20,20,60.0
2229,58668.0,2011-07-21 21:50:00,middle island,ny,us,fireball,300.0,2011,07,21,21,21,300.0
2261,59316.0,2011-07-23 22:15:00,monticello,ny,us,light,1.0,2011,07,23,22,22,1.0
2275,59514.0,2011-07-24 09:15:00,colonie,ny,us,oval,180.0,2011,07,24,9,9,180.0
2276,59519.0,2011-07-24 20:57:00,east islip,ny,us,circle,600.0,2011,07,24,20,20,600.0
2315,60214.0,2011-07-27 01:00:00,east setauket,ny,us,circle,120.0,2011,07,27,1,1,120.0
2316,60219.0,2011-07-27 04:54:00,coram,ny,us,light,180.0,2011,07,27,4,4,180.0
2331,60665.0,2011-07-29 22:15:00,utica,ny,us,circle,300.0,2011,07,29,22,22,300.0
2343,60904.0,2011-07-30 21:00:00,new york city (staten island),ny,us,fireball,60.0,2011,07,30,21,21,60.0
2344,60912.0,2011-07-30 22:00:00,cassadaga,ny,us,fireball,420.0,2011,07,30,22,22,420.0
2345,60919.0,2011-07-30 22:05:00,port jeff station,ny,,fireball,300.0,2011,07,30,22,22,300.0
2356,61146.0,2011-07-31 01:25:00,goodyear lake,ny,,cigar,600.0,2011,07,31,1,1,600.0
2660,68662.0,2011-08-02 21:25:00,owego,ny,us,triangle,180.0,2011,08,02,21,21,180.0
2835,71926.0,2011-08-06 21:30:00,oakdale,ny,us,fireball,900.0,2011,08,06,21,21,900.0
2874,72699.0,2011-08-09 01:00:00,commack/kings park,ny,,unknown,4.0,2011,08,09,1,1,4.0
2474,64379.0,2011-08-10 21:50:00,inlet,ny,us,circle,180.0,2011,08,10,21,21,180.0
2480,64653.0,2011-08-11 20:48:00,north massapequa,ny,us,fireball,120.0,2011,08,11,20,20,120.0
2510,65498.0,2011-08-12 03:05:00,staten island,ny,,other,2.0,2011,08,12,3,3,2.0
2511,65517.0,2011-08-12 21:00:00,long island,ny,,,1200.0,2011,08,12,21,21,1200.0
2512,65529.0,2011-08-12 22:40:00,cheektowaga (buffalo),ny,us,light,120.0,2011,08,12,22,22,120.0
2513,65531.0,2011-08-12 23:15:00,yonkers,ny,us,light,3600.0,2011,08,12,23,23,3600.0
2530,65790.0,2011-08-13 00:45:00,watertown,ny,us,unknown,240.0,2011,08,13,0,0,240.0
2531,65807.0,2011-08-13 21:20:00,tonawanda,ny,us,fireball,120.0,2011,08,13,21,21,120.0
2532,65812.0,2011-08-13 21:50:00,grand island,ny,,light,60.0,2011,08,13,21,21,60.0
2533,65817.0,2011-08-13 22:40:00,buffalo,ny,us,fireball,240.0,2011,08,13,22,22,240.0
2575,66799.0,2011-08-15 00:00:00,hunt,ny,us,triangle,1800.0,2011,08,15,0,0,1800.0
2576,66808.0,2011-08-15 17:00:00,hamburg,ny,us,other,20.0,2011,08,15,17,17,20.0
2587,67053.0,2011-08-16 18:00:00,west seneca,ny,,fireball,120.0,2011,08,16,18,18,120.0
2592,67283.0,2011-08-17 21:00:00,port jefferson station,ny,us,circle,180.0,2011,08,17,21,21,180.0
2635,68162.0,2011-08-20 01:00:00,prattesville,ny,,triangle,3600.0,2011,08,20,1,1,3600.0
2636,68171.0,2011-08-20 20:44:00,niles,ny,us,fireball,30.0,2011,08,20,20,20,30.0
2637,68175.0,2011-08-20 21:00:00,lindenhurst,ny,us,rectangle,3600.0,2011,08,20,21,21,3600.0
2649,68441.0,2011-08-21 01:30:00,henrietta,ny,us,oval,60.0,2011,08,21,1,1,60.0
2687,69337.0,2011-08-24 04:30:00,cutchogue,ny,us,triangle,300.0,2011,08,24,4,4,300.0
2688,69342.0,2011-08-24 21:00:00,new york city (brooklyn),ny,us,triangle,5.0,2011,08,24,21,21,5.0
2710,69616.0,2011-08-25 08:25:00,herkimer,ny,us,light,300.0,2011,08,25,8,8,300.0
2709,69615.0,2011-08-25 08:25:00,herkimer,ny,us,light,300.0,2011,08,25,8,8,300.0
2711,69620.0,2011-08-25 16:00:00,north woodmere,ny,us,unknown,4.0,2011,08,25,16,16,4.0
2712,69631.0,2011-08-25 21:30:00,wellesley island,ny,,circle,120.0,2011,08,25,21,21,120.0
2724,69850.0,2011-08-26 11:56:00,fairport,ny,us,fireball,45.0,2011,08,26,11,11,45.0
2725,69861.0,2011-08-26 22:30:00,buffalo/freedom,ny,,other,180.0,2011,08,26,22,22,180.0
2736,70071.0,2011-08-27 07:30:00,utica,ny,us,diamond,60.0,2011,08,27,7,7,60.0
2737,70079.0,2011-08-27 20:45:00,lockport,ny,us,light,120.0,2011,08,27,20,20,120.0
2755,70307.0,2011-08-28 14:27:00,nissequogue,ny,us,sphere,180.0,2011,08,28,14,14,180.0
2756,70315.0,2011-08-28 21:00:00,tonawanda,ny,us,circle,1200.0,2011,08,28,21,21,1200.0
2778,70725.0,2011-08-30 20:00:00,blue point,ny,us,fireball,300.0,2011,08,30,20,20,300.0
2779,70730.0,2011-08-30 20:44:00,yonkers,ny,us,light,20.0,2011,08,30,20,20,20.0
2780,70735.0,2011-08-30 22:16:00,lysander,ny,us,other,600.0,2011,08,30,22,22,600.0
2799,70975.0,2011-08-31 20:30:00,mount sinai,ny,us,other,20.0,2011,08,31,20,20,20.0
2800,70977.0,2011-08-31 21:05:00,montauk,ny,us,fireball,180.0,2011,08,31,21,21,180.0
2801,70985.0,2011-08-31 22:00:00,montauk,ny,us,fireball,45.0,2011,08,31,22,22,45.0
2932,73693.0,2011-09-01 18:00:00,hamburg,ny,us,cone,20.0,2011,09,01,18,18,20.0
2933,73696.0,2011-09-01 20:30:00,watertown,ny,us,rectangle,30.0,2011,09,01,20,20,30.0
2934,73705.0,2011-09-01 21:47:00,ovid,ny,us,light,300.0,2011,09,01,21,21,300.0
3069,76734.0,2011-09-02 15:00:00,syracuse,ny,us,disk,1800.0,2011,09,02,15,15,1800.0
3148,78995.0,2011-09-03 20:16:00,rochester (town of chili),ny,us,circle,4440.0,2011,09,03,20,20,4440.0
3149,79013.0,2011-09-03 22:22:00,kings park,ny,us,oval,600.0,2011,09,03,22,22,600.0
3158,79208.0,2011-09-04 00:00:00,savona,ny,us,light,3600.0,2011,09,04,0,0,3600.0
3159,79227.0,2011-09-04 22:00:00,ashford hollow,ny,us,other,30.0,2011,09,04,22,22,30.0
3188,79824.0,2011-09-07 02:02:00,nassau county,ny,us,,10.0,2011,09,07,2,2,10.0
3214,80280.0,2011-09-09 20:30:00,rochester,ny,us,circle,60.0,2011,09,09,20,20,60.0
3215,80283.0,2011-09-09 21:15:00,montauk,ny,us,cylinder,2100.0,2011,09,09,21,21,2100.0
2887,72962.0,2011-09-10 09:25:00,buffalo,ny,us,circle,180.0,2011,09,10,9,9,180.0
2888,72966.0,2011-09-10 14:30:00,williamsville,ny,us,other,15.0,2011,09,10,14,14,15.0
2889,72976.0,2011-09-10 21:00:00,tonawanda,ny,us,fireball,300.0,2011,09,10,21,21,300.0
2946,74001.0,2011-09-12 23:00:00,kennedy,ny,us,unknown,300.0,2011,09,12,23,23,300.0
2954,74227.0,2011-09-13 13:00:00,fort edward,ny,us,oval,600.0,2011,09,13,13,13,600.0
3003,75188.0,2011-09-16 09:00:00,potsdam,ny,us,fireball,4.0,2011,09,16,9,9,4.0
3053,76226.0,2011-09-20 20:30:00,staten island,ny,,fireball,30.0,2011,09,20,20,20,30.0
3081,77267.0,2011-09-23 19:15:00,island park,ny,us,fireball,120.0,2011,09,23,19,19,120.0
3090,77467.0,2011-09-24 23:00:00,fairport,ny,us,formation,60.0,2011,09,24,23,23,60.0
3106,77887.0,2011-09-26 18:30:00,maine,ny,us,triangle,180.0,2011,09,26,18,18,180.0
3107,77894.0,2011-09-26 23:00:00,owego,ny,us,light,1800.0,2011,09,26,23,23,1800.0
3112,78072.0,2011-09-27 20:30:00,cheektowaga (buffalo),ny,us,fireball,60.0,2011,09,27,20,20,60.0
3117,78267.0,2011-09-28 09:52:00,tarrytown,ny,us,triangle,180.0,2011,09,28,9,9,180.0
3138,78791.0,2011-09-30 12:19:00,tyre,ny,us,cigar,45.0,2011,09,30,12,12,45.0
58,923.0,2011-10-01 00:00:00,staten island (over),ny,,unknown,600.0,2011,10,01,0,0,600.0
272,6565.0,2011-10-05 22:00:00,auburn,ny,us,triangle,120.0,2011,10,05,22,22,120.0
283,6784.0,2011-10-06 22:00:00,ghent,ny,us,light,5400.0,2011,10,06,22,22,5400.0
291,6963.0,2011-10-07 18:00:00,staten island,ny,,oval,180.0,2011,10,07,18,18,180.0
300,7142.0,2011-10-08 19:53:00,binghamton,ny,us,light,600.0,2011,10,08,19,19,600.0
301,7143.0,2011-10-08 19:55:00,binghamton,ny,us,unknown,900.0,2011,10,08,19,19,900.0
306,7352.0,2011-10-09 19:00:00,coeymans,ny,us,light,1.0,2011,10,09,19,19,1.0
307,7363.0,2011-10-09 23:00:00,staten island,ny,,other,1200.0,2011,10,09,23,23,1200.0
14,230.0,2011-10-10 00:00:00,troy,ny,us,triangle,7200.0,2011,10,10,0,0,7200.0
15,233.0,2011-10-10 10:30:00,ashville,ny,us,circle,60.0,2011,10,10,10,10,60.0
112,2227.0,2011-10-15 17:00:00,canandaigua,ny,us,circle,120.0,2011,10,15,17,17,120.0
122,2642.0,2011-10-17 21:30:00,center moriches,ny,us,triangle,300.0,2011,10,17,21,21,300.0
123,2646.0,2011-10-17 23:00:00,west walworth,ny,us,unknown,15.0,2011,10,17,23,23,15.0
148,3326.0,2011-10-20 01:00:00,jamaica,ny,us,flash,10.0,2011,10,20,1,1,10.0
177,3922.0,2011-10-22 20:00:00,centerport,ny,us,sphere,20.0,2011,10,22,20,20,20.0
186,4349.0,2011-10-24 20:00:00,west seneca,ny,,circle,1200.0,2011,10,24,20,20,1200.0
188,4356.0,2011-10-24 23:00:00,ithaca,ny,us,fireball,4.0,2011,10,24,23,23,4.0
187,4355.0,2011-10-24 23:00:00,ithaca,ny,us,fireball,4.0,2011,10,24,23,23,4.0
237,5595.0,2011-10-30 21:00:00,ronkonkoma,ny,us,light,45.0,2011,10,30,21,21,45.0
238,5596.0,2011-10-30 21:05:00,ronkonkoma,ny,us,light,45.0,2011,10,30,21,21,45.0
249,5964.0,2011-10-31 03:46:00,castleton on hudson,ny,,fireball,4.0,2011,10,31,3,3,4.0
355,8510.0,2011-11-01 20:15:00,yonkers,ny,us,diamond,600.0,2011,11,01,20,20,600.0
356,8512.0,2011-11-01 20:32:00,woodmere,ny,us,sphere,480.0,2011,11,01,20,20,480.0
357,8520.0,2011-11-01 22:30:00,washingtonville,ny,us,triangle,300.0,2011,11,01,22,22,300.0
557,14176.0,2011-11-03 17:03:00,mechanicville,ny,us,other,300.0,2011,11,03,17,17,300.0
565,14535.0,2011-11-04 04:30:00,fulton,ny,us,unknown,60.0,2011,11,04,4,4,60.0
593,15414.0,2011-11-06 05:30:00,rochester,ny,us,flash,1.0,2011,11,06,5,5,1.0
594,15420.0,2011-11-06 14:00:00,orchard park,ny,us,disk,3.0,2011,11,06,14,14,3.0
630,16193.0,2011-11-08 18:15:00,utica,ny,us,unknown,900.0,2011,11,08,18,18,900.0
338,8035.0,2011-11-11 23:23:00,albany,ny,us,circle,900.0,2011,11,11,23,23,900.0
374,8789.0,2011-11-12 19:00:00,uniondale,ny,us,circle,180.0,2011,11,12,19,19,180.0
380,8978.0,2011-11-13 09:45:00,astoria,ny,us,cross,120.0,2011,11,13,9,9,120.0
381,8979.0,2011-11-13 17:30:00,moriches bay area,ny,,sphere,45.0,2011,11,13,17,17,45.0
382,8983.0,2011-11-13 20:00:00,uniondale,ny,us,other,300.0,2011,11,13,20,20,300.0
415,9635.0,2011-11-15 21:30:00,watertown,ny,us,triangle,60.0,2011,11,15,21,21,60.0
503,12408.0,2011-11-22 19:00:00,east durham,ny,us,triangle,300.0,2011,11,22,19,19,300.0
519,12800.0,2011-11-24 18:30:00,saratoga springs,ny,us,fireball,600.0,2011,11,24,18,18,600.0
520,12802.0,2011-11-24 19:00:00,slingerlands,ny,us,circle,21600.0,2011,11,24,19,19,21600.0
527,13140.0,2011-11-26 05:15:00,lyndonville,ny,us,circle,240.0,2011,11,26,5,5,240.0
528,13151.0,2011-11-26 23:15:00,new york city (brooklyn),ny,us,circle,12.0,2011,11,26,23,23,12.0
663,17554.0,2011-12-01 00:05:00,farmingdale,ny,us,light,420.0,2011,12,01,0,0,420.0
664,17563.0,2011-12-01 12:00:00,water town (near),ny,,circle,600.0,2011,12,01,12,12,600.0
665,17580.0,2011-12-01 23:15:00,new york city (brooklyn),ny,us,other,30.0,2011,12,01,23,23,30.0
850,23638.0,2011-12-08 17:10:00,saranac lake,ny,us,sphere,30.0,2011,12,08,17,17,30.0
672,17782.0,2011-12-12 18:00:00,rochester,ny,us,fireball,3.0,2011,12,12,18,18,3.0
673,17783.0,2011-12-12 18:03:00,marathon,ny,us,fireball,5.0,2011,12,12,18,18,5.0
704,18725.0,2011-12-17 10:50:00,danby,ny,us,egg,2.0,2011,12,17,10,10,2.0
705,18734.0,2011-12-17 18:35:00,latham,ny,us,diamond,60.0,2011,12,17,18,18,60.0
708,18873.0,2011-12-18 17:50:00,suffolk,ny,,unknown,300.0,2011,12,18,17,17,300.0
709,18880.0,2011-12-18 22:05:00,hicksville,ny,us,light,10800.0,2011,12,18,22,22,10800.0
710,18885.0,2011-12-18 23:40:00,new york city (astoria; queens),ny,us,other,600.0,2011,12,18,23,23,600.0
739,20084.0,2011-12-23 18:00:00,syracuse,ny,us,sphere,2400.0,2011,12,23,18,18,2400.0
744,20315.0,2011-12-24 21:30:00,new york (long island),ny,us,fireball,900.0,2011,12,24,21,21,900.0
745,20326.0,2011-12-25 00:00:00,medford,ny,us,circle,180.0,2011,12,25,0,0,180.0
751,20556.0,2011-12-25 19:30:00,holbrook,ny,us,light,600.0,2011,12,25,19,19,600.0
752,20569.0,2011-12-25 23:00:00,wantagh,ny,us,fireball,60.0,2011,12,25,23,23,60.0
761,20766.0,2011-12-26 03:31:00,albany,ny,us,oval,3.0,2011,12,26,3,3,3.0
762,20772.0,2011-12-26 20:25:00,queensbury,ny,us,circle,180.0,2011,12,26,20,20,180.0
763,20773.0,2011-12-26 21:15:00,buffalo,ny,us,formation,10.0,2011,12,26,21,21,10.0
772,21063.0,2011-12-28 15:00:00,beacon,ny,us,diamond,40.0,2011,12,28,15,15,40.0
473,11257.0,2012-01-01 00:00:00,farmingdale,ny,us,circle,300.0,2012,01,01,0,0,300.0
474,11288.0,2012-01-01 00:25:00,new york city (brooklyn),ny,us,fireball,45.0,2012,01,01,0,0,45.0
475,11291.0,2012-01-01 00:38:00,new york city (brooklyn),ny,us,fireball,120.0,2012,01,01,0,0,120.0
477,11319.0,2012-01-01 21:00:00,hicksville,ny,us,light,30.0,2012,01,01,21,21,30.0
476,11318.0,2012-01-01 21:00:00,hicksville,ny,us,cylinder,25.0,2012,01,01,21,21,25.0
718,19195.0,2012-01-02 22:00:00,binghamton,ny,us,oval,600.0,2012,01,02,22,22,600.0
868,24413.0,2012-01-03 00:09:00,hudson falls,ny,us,sphere,180.0,2012,01,03,0,0,180.0
869,24416.0,2012-01-03 01:00:00,levittown,ny,us,unknown,10.0,2012,01,03,1,1,10.0
870,24417.0,2012-01-03 03:00:00,binghamton,ny,us,fireball,180.0,2012,01,03,3,3,180.0
875,24600.0,2012-01-04 19:30:00,selden,ny,us,diamond,900.0,2012,01,04,19,19,900.0
889,24927.0,2012-01-06 15:45:00,walden,ny,us,other,20.0,2012,01,06,15,15,20.0
890,24928.0,2012-01-06 16:20:00,new york city (queens),ny,us,fireball,15.0,2012,01,06,16,16,15.0
897,25322.0,2012-01-08 20:50:00,smithtown,ny,us,light,2.0,2012,01,08,20,20,2.0
904,25464.0,2012-01-09 01:50:00,brookhaven,ny,us,circle,60.0,2012,01,09,1,1,60.0
905,25465.0,2012-01-09 05:45:00,millbrook and pleasant valley,ny,,oval,900.0,2012,01,09,5,5,900.0
318,7589.0,2012-01-10 12:46:00,pawling,ny,us,triangle,7200.0,2012,01,10,12,12,7200.0
358,8538.0,2012-01-11 18:25:00,russell,ny,us,formation,10.0,2012,01,11,18,18,10.0
359,8539.0,2012-01-11 18:30:00,saranac lake,ny,us,formation,10.0,2012,01,11,18,18,10.0
360,8561.0,2012-01-11 22:00:00,hogansburg,ny,us,fireball,300.0,2012,01,11,22,22,300.0
362,8563.0,2012-01-11 22:00:00,west bangor,ny,us,unknown,240.0,2012,01,11,22,22,240.0
361,8562.0,2012-01-11 22:00:00,hopkinton,ny,us,fireball,120.0,2012,01,11,22,22,120.0
558,14212.0,2012-01-13 18:30:00,malone,ny,us,unknown,30.0,2012,01,13,18,18,30.0
578,15095.0,2012-01-15 19:00:00,mahopac,ny,us,light,60.0,2012,01,15,19,19,60.0
631,16214.0,2012-01-18 17:00:00,brasher falls,ny,us,light,45.0,2012,01,18,17,17,45.0
632,16222.0,2012-01-18 18:30:00,malone,ny,us,light,2.0,2012,01,18,18,18,2.0
646,16811.0,2012-01-20 05:00:00,hunter,ny,us,rectangle,60.0,2012,01,20,5,5,60.0
647,16813.0,2012-01-20 05:54:00,tonawanda,ny,us,other,600.0,2012,01,20,5,5,600.0
799,22089.0,2012-01-23 07:50:00,bath,ny,us,light,900.0,2012,01,23,7,7,900.0
837,23334.0,2012-01-27 01:30:00,lackawanna,ny,us,unknown,1200.0,2012,01,27,1,1,1200.0
851,23677.0,2012-01-28 22:00:00,lafayette,ny,us,teardrop,4.0,2012,01,28,22,22,4.0
862,24241.0,2012-01-31 17:55:00,ronkonkoma,ny,us,flash,4.0,2012,01,31,17,17,4.0
863,24242.0,2012-01-31 18:25:00,mastic,ny,us,circle,5.0,2012,01,31,18,18,5.0
989,27940.0,2012-02-02 05:35:00,rotterdam,ny,us,triangle,45.0,2012,02,02,5,5,45.0
990,27945.0,2012-02-02 20:15:00,henderson,ny,us,unknown,900.0,2012,02,02,20,20,900.0
1052,29201.0,2012-02-03 00:45:00,hawthorne,ny,us,cigar,4.0,2012,02,03,0,0,4.0
1057,29367.0,2012-02-04 17:00:00,greenwich,ny,us,other,120.0,2012,02,04,17,17,120.0
1060,29512.0,2012-02-05 18:30:00,niverville,ny,us,light,60.0,2012,02,05,18,18,60.0
1061,29515.0,2012-02-05 20:35:00,sayre,ny,,light,1500.0,2012,02,05,20,20,1500.0
1062,29521.0,2012-02-05 22:00:00,patchogue,ny,us,light,120.0,2012,02,05,22,22,120.0
1066,29665.0,2012-02-06 06:40:00,hamburg,ny,us,sphere,15.0,2012,02,06,6,6,15.0
1067,29674.0,2012-02-06 19:00:00,tonawanda,ny,us,circle,900.0,2012,02,06,19,19,900.0
1079,29974.0,2012-02-08 18:30:00,tonawanda,ny,us,unknown,600.0,2012,02,08,18,18,600.0
1081,29978.0,2012-02-08 19:30:00,cuyler,ny,us,unknown,600.0,2012,02,08,19,19,600.0
1080,29977.0,2012-02-08 19:30:00,cuyler,ny,us,unknown,1200.0,2012,02,08,19,19,1200.0
911,25640.0,2012-02-10 21:00:00,saugerties/palenville,ny,,triangle,20.0,2012,02,10,21,21,20.0
928,26311.0,2012-02-13 06:30:00,black river,ny,us,,600.0,2012,02,13,6,6,600.0
929,26316.0,2012-02-13 21:00:00,new hartford,ny,us,changing,120.0,2012,02,13,21,21,120.0
944,26796.0,2012-02-15 18:59:00,hector,ny,us,light,45.0,2012,02,15,18,18,45.0
957,27133.0,2012-02-17 18:45:00,tonawanda (town of),ny,us,light,900.0,2012,02,17,18,18,900.0
958,27144.0,2012-02-17 23:00:00,newburgh,ny,us,triangle,300.0,2012,02,17,23,23,300.0
1023,28589.0,2012-02-25 10:58:00,staten island,ny,,cigar,180.0,2012,02,25,10,10,180.0
1030,28712.0,2012-02-26 02:00:00,youngstown,ny,us,oval,45.0,2012,02,26,2,2,45.0
1040,28875.0,2012-02-27 00:00:00,ontario,ny,us,flash,7200.0,2012,02,27,0,0,7200.0
1044,29033.0,2012-02-28 19:30:00,saratoga springs/malta,ny,,light,120.0,2012,02,28,19,19,120.0
1045,29039.0,2012-02-28 22:20:00,mechanicville,ny,us,egg,1.0,2012,02,28,22,22,1.0
1046,29040.0,2012-02-28 22:20:00,watertown,ny,us,light,3.0,2012,02,28,22,22,3.0
1117,30760.0,2012-03-01 18:45:00,garden city,ny,us,,10.0,2012,03,01,18,18,10.0
1252,34580.0,2012-03-03 23:30:00,albany,ny,us,triangle,60.0,2012,03,03,23,23,60.0
1264,34876.0,2012-03-05 20:05:00,middletown,ny,us,light,5.0,2012,03,05,20,20,5.0
1275,35243.0,2012-03-07 21:14:00,greenlawn,ny,us,disk,120.0,2012,03,07,21,21,120.0
1276,35247.0,2012-03-07 23:20:00,new york,ny,us,disk,1200.0,2012,03,07,23,23,1200.0
1281,35409.0,2012-03-08 20:00:00,sloatsburg,ny,us,light,600.0,2012,03,08,20,20,600.0
1097,30337.0,2012-03-10 20:00:00,west islip,ny,us,sphere,120.0,2012,03,10,20,20,120.0
1103,30525.0,2012-03-11 20:55:00,ogdensburg,ny,us,oval,20.0,2012,03,11,20,20,20.0
1123,30975.0,2012-03-12 21:00:00,monticello,ny,us,oval,120.0,2012,03,12,21,21,120.0
1124,30981.0,2012-03-12 22:04:00,syracuse,ny,us,other,300.0,2012,03,12,22,22,300.0
1131,31225.0,2012-03-13 00:00:00,saratoga springs,ny,us,changing,120.0,2012,03,13,0,0,120.0
1132,31245.0,2012-03-13 23:00:00,binghamton,ny,us,formation,8.0,2012,03,13,23,23,8.0
1136,31400.0,2012-03-14 02:35:00,catskill,ny,us,unknown,10800.0,2012,03,14,2,2,10800.0
1137,31409.0,2012-03-14 20:00:00,vestal,ny,us,fireball,120.0,2012,03,14,20,20,120.0
1138,31414.0,2012-03-14 21:30:00,rocky point,ny,us,sphere,10800.0,2012,03,14,21,21,10800.0
1139,31415.0,2012-03-14 22:00:00,buffalo,ny,us,light,900.0,2012,03,14,22,22,900.0
1140,31420.0,2012-03-14 23:15:00,niagara falls,ny,us,formation,10.0,2012,03,14,23,23,10.0
1141,31425.0,2012-03-14 23:50:00,monroe,ny,us,flash,5.0,2012,03,14,23,23,5.0
1150,31772.0,2012-03-15 22:00:00,syracuse,ny,us,light,180.0,2012,03,15,22,22,180.0
1154,31935.0,2012-03-16 04:00:00,staten island,ny,,light,5.0,2012,03,16,4,4,5.0
1155,31943.0,2012-03-16 20:30:00,ashville,ny,us,teardrop,4.0,2012,03,16,20,20,4.0
1171,32105.0,2012-03-17 15:00:00,east islip,ny,us,cigar,600.0,2012,03,17,15,15,600.0
1174,32255.0,2012-03-18 20:00:00,buffalo,ny,us,sphere,600.0,2012,03,18,20,20,600.0
1177,32429.0,2012-03-19 20:20:00,niskayuna,ny,us,disk,180.0,2012,03,19,20,20,180.0
1178,32430.0,2012-03-19 22:00:00,buffalo,ny,us,fireball,180.0,2012,03,19,22,22,180.0
1183,32590.0,2012-03-20 00:00:00,hopewell junction,ny,us,triangle,7200.0,2012,03,20,0,0,7200.0
1184,32592.0,2012-03-20 03:40:00,west seneca,ny,,triangle,60.0,2012,03,20,3,3,60.0
1185,32606.0,2012-03-20 22:00:00,hopewell junction,ny,us,triangle,3600.0,2012,03,20,22,22,3600.0
1188,32771.0,2012-03-21 04:30:00,plattsburgh,ny,us,other,30.0,2012,03,21,4,4,30.0
1189,32773.0,2012-03-21 06:00:00,whitesboro,ny,us,light,180.0,2012,03,21,6,6,180.0
1190,32779.0,2012-03-21 19:30:00,de kalb,ny,us,unknown,2.0,2012,03,21,19,19,2.0
1203,33215.0,2012-03-23 01:00:00,franklin square,ny,us,circle,15.0,2012,03,23,1,1,15.0
1211,33357.0,2012-03-24 07:00:00,wainscott,ny,us,light,4500.0,2012,03,24,7,7,4500.0
1212,33358.0,2012-03-24 07:00:00,wainscott,ny,us,light,4500.0,2012,03,24,7,7,4500.0
1213,33372.0,2012-03-24 21:15:00,farmington,ny,us,triangle,240.0,2012,03,24,21,21,240.0
1214,33376.0,2012-03-24 22:00:00,fresh meadows,ny,us,light,300.0,2012,03,24,22,22,300.0
1225,33785.0,2012-03-27 05:05:00,newburgh,ny,us,other,1200.0,2012,03,27,5,5,1200.0
1232,34084.0,2012-03-29 22:40:00,harrison/armonk/mt kisco/somers,ny,,formation,1080.0,2012,03,29,22,22,1080.0
1383,38369.0,2012-04-02 05:00:00,new york city (queens; bayside),ny,us,cigar,3600.0,2012,04,02,5,5,3600.0
1384,38374.0,2012-04-02 20:42:00,rockaway park,ny,us,cigar,100.0,2012,04,02,20,20,100.0
1446,40574.0,2012-04-06 16:41:00,carmel,ny,us,unknown,10.0,2012,04,06,16,16,10.0
1450,40762.0,2012-04-07 19:00:00,kingston,ny,us,formation,60.0,2012,04,07,19,19,60.0
1451,40764.0,2012-04-07 20:45:00,huntington station,ny,us,light,30.0,2012,04,07,20,20,30.0
1295,35763.0,2012-04-10 20:00:00,wappingers falls,ny,us,light,900.0,2012,04,10,20,20,900.0
1313,36370.0,2012-04-12 19:00:00,buffalo,ny,us,other,180.0,2012,04,12,19,19,180.0
1334,37076.0,2012-04-15 14:00:00,bohemia,ny,us,oval,180.0,2012,04,15,14,14,180.0
1335,37082.0,2012-04-15 23:30:00,bethpage,ny,us,circle,1200.0,2012,04,15,23,23,1200.0
1344,37301.0,2012-04-16 23:33:00,bethpage,ny,us,flash,1.0,2012,04,16,23,23,1.0
1355,37631.0,2012-04-18 10:30:00,niagara falls,ny,us,circle,90.0,2012,04,18,10,10,90.0
1356,37637.0,2012-04-18 20:30:00,saugerties,ny,us,unknown,60.0,2012,04,18,20,20,60.0
1373,38208.0,2012-04-21 17:45:00,bay shore,ny,us,fireball,60.0,2012,04,21,17,17,60.0
1400,38734.0,2012-04-23 21:46:00,new york city (manhattan),ny,us,,300.0,2012,04,23,21,21,300.0
1415,39092.0,2012-04-25 23:15:00,circleville,ny,us,triangle,600.0,2012,04,25,23,23,600.0
1419,39398.0,2012-04-27 21:00:00,new york city (brooklyn),ny,us,light,480.0,2012,04,27,21,21,480.0
1433,39779.0,2012-04-29 22:45:00,elmsford,ny,us,fireball,180.0,2012,04,29,22,22,180.0
1631,45561.0,2012-05-05 00:00:00,mexico,ny,us,sphere,60.0,2012,05,05,0,0,60.0
1643,45781.0,2012-05-05 00:00:00,plainview,ny,us,fireball,120.0,2012,05,05,0,0,120.0
1644,45793.0,2012-05-05 21:30:00,hamburg,ny,us,light,30.0,2012,05,05,21,21,30.0
1645,45802.0,2012-05-05 23:00:00,cheektowaga,ny,us,circle,60.0,2012,05,05,23,23,60.0
1655,45974.0,2012-05-06 22:00:00,rock stream,ny,us,sphere,60.0,2012,05,06,22,22,60.0
1472,41453.0,2012-05-11 17:00:00,chazy,ny,us,egg,30.0,2012,05,11,17,17,30.0
1499,41967.0,2012-05-12 21:00:00,yorktown heights,ny,us,circle,900.0,2012,05,12,21,21,900.0
1504,42132.0,2012-05-13 21:00:00,mechanicville,ny,us,circle,3600.0,2012,05,13,21,21,3600.0
1539,42938.0,2012-05-17 23:23:00,mastic beach,ny,us,sphere,180.0,2012,05,17,23,23,180.0
1546,43260.0,2012-05-19 22:00:00,sandy creek,ny,us,sphere,1200.0,2012,05,19,22,22,1200.0
1547,43262.0,2012-05-19 22:15:00,ovid,ny,us,circle,300.0,2012,05,19,22,22,300.0
1563,43926.0,2012-05-22 21:30:00,fulton,ny,us,circle,600.0,2012,05,22,21,21,600.0
1564,43931.0,2012-05-22 23:30:00,saratoga springs,ny,us,changing,1800.0,2012,05,22,23,23,1800.0
1583,44485.0,2012-05-26 21:00:00,cambridge,ny,us,circle,60.0,2012,05,26,21,21,60.0
1584,44490.0,2012-05-26 21:38:00,macedon,ny,us,sphere,60.0,2012,05,26,21,21,60.0
1590,44661.0,2012-05-27 22:00:00,wingdale,ny,us,light,900.0,2012,05,27,22,22,900.0
1602,44827.0,2012-05-28 22:35:00,caledonia,ny,us,circle,1500.0,2012,05,28,22,22,1500.0
1867,50915.0,2012-06-02 22:00:00,webster,ny,us,circle,120.0,2012,06,02,22,22,120.0
1979,53401.0,2012-06-03 01:15:00,harriman state park,ny,,other,10.0,2012,06,03,1,1,10.0
2004,53991.0,2012-06-06 10:00:00,valhalla,ny,us,sphere,600.0,2012,06,06,10,10,600.0
2013,54182.0,2012-06-07 04:02:00,blue point,ny,us,,25.0,2012,06,07,4,4,25.0
2016,54347.0,2012-06-08 02:00:00,binghamton,ny,us,other,7200.0,2012,06,08,2,2,7200.0
2022,54567.0,2012-06-09 22:55:00,jamestown,ny,us,light,120.0,2012,06,09,22,22,120.0
2023,54569.0,2012-06-09 23:00:00,lansing,ny,us,flash,60.0,2012,06,09,23,23,60.0
1695,46835.0,2012-06-11 19:45:00,new york city (brooklyn),ny,us,disk,15.0,2012,06,11,19,19,15.0
1758,48158.0,2012-06-12 03:00:00,new york city,ny,us,other,5.0,2012,06,12,3,3,5.0
1759,48169.0,2012-06-12 22:30:00,akron,ny,us,circle,1260.0,2012,06,12,22,22,1260.0
1761,48345.0,2012-06-13 22:40:00,cheektowaga,ny,us,circle,300.0,2012,06,13,22,22,300.0
1768,48530.0,2012-06-14 02:15:00,huntington station,ny,us,sphere,7200.0,2012,06,14,2,2,7200.0
1799,49420.0,2012-06-15 20:30:00,penn yan,ny,us,fireball,5.0,2012,06,15,20,20,5.0
1800,49422.0,2012-06-15 21:00:00,huntington,ny,us,light,6312000.0,2012,06,15,21,21,6312000.0
1801,49434.0,2012-06-15 23:00:00,oakdale,ny,us,diamond,180.0,2012,06,15,23,23,180.0
1802,49436.0,2012-06-15 23:37:00,schenectady,ny,us,sphere,180.0,2012,06,15,23,23,180.0
1803,49437.0,2012-06-15 23:48:00,north babylon,ny,us,circle,43.0,2012,06,15,23,23,43.0
1809,49607.0,2012-06-16 21:30:00,southold,ny,us,fireball,180.0,2012,06,16,21,21,180.0
1810,49620.0,2012-06-16 22:20:00,phoenix/oswego,ny,,sphere,600.0,2012,06,16,22,22,600.0
1811,49623.0,2012-06-16 22:45:00,eden,ny,us,formation,240.0,2012,06,16,22,22,240.0
1812,49634.0,2012-06-16 23:47:00,niskayuna,ny,us,light,8.0,2012,06,16,23,23,8.0
1846,50542.0,2012-06-20 22:20:00,tonawanda,ny,us,fireball,90.0,2012,06,20,22,22,90.0
1860,50748.0,2012-06-21 22:00:00,binghamton,ny,us,light,600.0,2012,06,21,22,22,600.0
1875,51096.0,2012-06-22 21:15:00,west edmeston,ny,us,fireball,60.0,2012,06,22,21,21,60.0
1876,51111.0,2012-06-22 23:00:00,webster,ny,us,diamond,240.0,2012,06,22,23,23,240.0
1889,51337.0,2012-06-23 00:00:00,rome,ny,us,disk,900.0,2012,06,23,0,0,900.0
1890,51350.0,2012-06-23 21:15:00,north babylon,ny,us,circle,600.0,2012,06,23,21,21,600.0
1891,51359.0,2012-06-23 22:00:00,south wales,ny,us,sphere,60.0,2012,06,23,22,22,60.0
1892,51366.0,2012-06-23 22:30:00,staten island,ny,,fireball,600.0,2012,06,23,22,22,600.0
1893,51371.0,2012-06-23 23:00:00,hoosick,ny,us,light,3600.0,2012,06,23,23,23,3600.0
1968,53226.0,2012-06-30 20:00:00,rockaway,ny,,light,300.0,2012,06,30,20,20,300.0
1969,53229.0,2012-06-30 21:30:00,east islip,ny,us,fireball,180.0,2012,06,30,21,21,180.0
1970,53233.0,2012-06-30 21:45:00,auburn,ny,us,light,300.0,2012,06,30,21,21,300.0
1971,53236.0,2012-06-30 22:00:00,johnsonville,ny,us,circle,45.0,2012,06,30,22,22,45.0
1972,53237.0,2012-06-30 22:02:00,utica,ny,us,circle,240.0,2012,06,30,22,22,240.0
1973,53243.0,2012-06-30 22:45:00,lebanon,ny,us,fireball,60.0,2012,06,30,22,22,60.0
2091,55613.0,2012-07-01 21:45:00,lansing,ny,us,circle,600.0,2012,07,01,21,21,600.0
2093,55620.0,2012-07-01 22:30:00,babylon,ny,us,fireball,60.0,2012,07,01,22,22,60.0
2092,55619.0,2012-07-01 22:30:00,babylon,ny,us,fireball,60.0,2012,07,01,22,22,60.0
2248,58914.0,2012-07-02 23:45:00,elmira,ny,us,,120.0,2012,07,02,23,23,120.0
2365,61482.0,2012-07-03 21:11:00,herkimer,ny,us,other,90.0,2012,07,03,21,21,90.0
2366,61488.0,2012-07-03 22:00:00,salamanca,ny,us,oval,600.0,2012,07,03,22,22,600.0
2397,62423.0,2012-07-04 20:30:00,new rochelle,ny,us,disk,300.0,2012,07,04,20,20,300.0
2398,62437.0,2012-07-04 21:00:00,orchard park,ny,us,fireball,120.0,2012,07,04,21,21,120.0
2399,62490.0,2012-07-04 22:00:00,buffalo,ny,us,fireball,3600.0,2012,07,04,22,22,3600.0
2400,62518.0,2012-07-04 22:10:00,rochester,ny,us,circle,300.0,2012,07,04,22,22,300.0
2401,62540.0,2012-07-04 22:30:00,levittown,ny,us,sphere,600.0,2012,07,04,22,22,600.0
2423,63008.0,2012-07-05 22:00:00,pulaski/sandy creek,ny,,circle,1500.0,2012,07,05,22,22,1500.0
2430,63236.0,2012-07-06 00:00:00,orchard park,ny,us,unknown,60.0,2012,07,06,0,0,60.0
2431,63260.0,2012-07-06 23:30:00,williamsville,ny,us,light,120.0,2012,07,06,23,23,120.0
2439,63631.0,2012-07-07 21:15:00,penn yan,ny,us,light,120.0,2012,07,07,21,21,120.0
2440,63644.0,2012-07-07 22:10:00,elmira,ny,us,oval,1.0,2012,07,07,22,22,1.0
2048,54868.0,2012-07-10 23:00:00,northport,ny,us,light,600.0,2012,07,10,23,23,600.0
2059,55080.0,2012-07-11 22:10:00,fairport,ny,us,fireball,600.0,2012,07,11,22,22,600.0
2060,55087.0,2012-07-11 23:41:00,horseheads,ny,us,unknown,10.0,2012,07,11,23,23,10.0
2104,55854.0,2012-07-12 09:15:00,ronkonkoma,ny,us,circle,1200.0,2012,07,12,9,9,1200.0
2120,56116.0,2012-07-13 21:00:00,north massapequa,ny,us,fireball,30.0,2012,07,13,21,21,30.0
2121,56127.0,2012-07-13 22:30:00,east moriches,ny,us,fireball,300.0,2012,07,13,22,22,300.0
2136,56378.0,2012-07-14 19:00:00,eagle bay,ny,us,oval,3.0,2012,07,14,19,19,3.0
2137,56395.0,2012-07-14 22:00:00,warwick,ny,us,circle,600.0,2012,07,14,22,22,600.0
2182,57674.0,2012-07-17 00:00:00,belmont,ny,us,sphere,20.0,2012,07,17,0,0,20.0
2189,57920.0,2012-07-18 09:20:00,east northport,ny,us,rectangle,12.0,2012,07,18,9,9,12.0
2201,58145.0,2012-07-19 22:05:00,beekmantown,ny,us,light,420.0,2012,07,19,22,22,420.0
2220,58472.0,2012-07-20 22:30:00,westfield,ny,us,fireball,1800.0,2012,07,20,22,22,1800.0
2230,58678.0,2012-07-21 03:05:00,rochester,ny,us,triangle,300.0,2012,07,21,3,3,300.0
2231,58690.0,2012-07-21 21:00:00,greigsville,ny,us,fireball,2.0,2012,07,21,21,21,2.0
2233,58692.0,2012-07-21 21:00:00,maspeth,ny,us,circle,180.0,2012,07,21,21,21,180.0
2232,58691.0,2012-07-21 21:00:00,maspeth,ny,us,circle,180.0,2012,07,21,21,21,180.0
2234,58698.0,2012-07-21 21:30:00,cicero,ny,us,fireball,300.0,2012,07,21,21,21,300.0
2235,58704.0,2012-07-21 21:50:00,york,ny,us,circle,180.0,2012,07,21,21,21,180.0
2236,58705.0,2012-07-21 21:55:00,medford,ny,us,oval,480.0,2012,07,21,21,21,480.0
2237,58708.0,2012-07-21 22:00:00,staten island,ny,,fireball,60.0,2012,07,21,22,22,60.0
2238,58709.0,2012-07-21 22:05:00,hamburg,ny,us,fireball,180.0,2012,07,21,22,22,180.0
2262,59337.0,2012-07-23 22:20:00,new york city (brooklyn),ny,us,other,300.0,2012,07,23,22,22,300.0
2277,59534.0,2012-07-24 22:30:00,staten island,ny,,triangle,300.0,2012,07,24,22,22,300.0
2297,60003.0,2012-07-26 19:00:00,centereach,ny,us,circle,420.0,2012,07,26,19,19,420.0
2298,60005.0,2012-07-26 20:25:00,centereach,ny,us,unknown,600.0,2012,07,26,20,20,600.0
2317,60250.0,2012-07-27 23:00:00,buffalo,ny,us,fireball,60.0,2012,07,27,23,23,60.0
2326,60465.0,2012-07-28 03:00:00,huntington,ny,us,light,40.0,2012,07,28,3,3,40.0
2327,60492.0,2012-07-28 22:00:00,massapequa park,ny,us,sphere,900.0,2012,07,28,22,22,900.0
2332,60668.0,2012-07-29 00:05:00,oswego,ny,us,light,240.0,2012,07,29,0,0,240.0
2333,60685.0,2012-07-29 22:00:00,buffalo,ny,us,fireball,120.0,2012,07,29,22,22,120.0
2334,60693.0,2012-07-29 23:30:00,ithaca,ny,us,unknown,180.0,2012,07,29,23,23,180.0
2346,60933.0,2012-07-30 02:00:00,new york city (brooklyn),ny,us,oval,3.0,2012,07,30,2,2,3.0
2347,60934.0,2012-07-30 04:00:00,brightwaters,ny,us,light,900.0,2012,07,30,4,4,900.0
2348,60935.0,2012-07-30 16:00:00,new york city (brooklyn),ny,us,circle,3000.0,2012,07,30,16,16,3000.0
2661,68688.0,2012-08-02 21:30:00,staten island,ny,,fireball,120.0,2012,08,02,21,21,120.0
2809,71229.0,2012-08-03 01:00:00,farmington,ny,us,unknown,120.0,2012,08,03,1,1,120.0
2810,71244.0,2012-08-03 22:30:00,binghamton,ny,us,fireball,90.0,2012,08,03,22,22,90.0
2821,71485.0,2012-08-04 21:35:00,new rochelle,ny,us,fireball,1200.0,2012,08,04,21,21,1200.0
2822,71487.0,2012-08-04 22:00:00,carlton,ny,us,formation,600.0,2012,08,04,22,22,600.0
2823,71496.0,2012-08-04 23:00:00,hamlin beach state park,ny,,oval,3600.0,2012,08,04,23,23,3600.0
2836,71940.0,2012-08-06 00:55:00,new york city (brooklyn),ny,us,light,180.0,2012,08,06,0,0,180.0
2837,71945.0,2012-08-06 05:00:00,phoenix/fulton,ny,,flash,10.0,2012,08,06,5,5,10.0
2838,71954.0,2012-08-06 21:00:00,fishkill,ny,us,light,600.0,2012,08,06,21,21,600.0
2853,72202.0,2012-08-07 21:15:00,ulster heights,ny,us,circle,300.0,2012,08,07,21,21,300.0
2866,72487.0,2012-08-08 00:00:00,red hook,ny,us,light,60.0,2012,08,08,0,0,60.0
2867,72493.0,2012-08-08 11:00:00,poughkeepsie,ny,us,triangle,25.0,2012,08,08,11,11,25.0
2514,65555.0,2012-08-12 21:15:00,babylon,ny,us,fireball,600.0,2012,08,12,21,21,600.0
2577,66834.0,2012-08-15 21:40:00,buffalo (ne of),ny,us,light,180.0,2012,08,15,21,21,180.0
2588,67070.0,2012-08-16 21:00:00,woodstock,ny,us,fireball,300.0,2012,08,16,21,21,300.0
2601,67540.0,2012-08-18 20:25:00,rome,ny,us,circle,420.0,2012,08,18,20,20,420.0
2602,67544.0,2012-08-18 20:50:00,lindenhurst,ny,us,fireball,180.0,2012,08,18,20,20,180.0
2604,67548.0,2012-08-18 21:00:00,cambridge,ny,us,light,1200.0,2012,08,18,21,21,1200.0
2603,67547.0,2012-08-18 21:00:00,binghamton,ny,us,unknown,120.0,2012,08,18,21,21,120.0
2605,67572.0,2012-08-18 22:00:00,new york city (manhattan),ny,us,sphere,240.0,2012,08,18,22,22,240.0
2613,67843.0,2012-08-19 21:02:00,walworth,ny,us,sphere,90.0,2012,08,19,21,21,90.0
2615,67849.0,2012-08-19 22:00:00,commack,ny,us,diamond,240.0,2012,08,19,22,22,240.0
2614,67848.0,2012-08-19 22:00:00,chautauqua,ny,us,fireball,240.0,2012,08,19,22,22,240.0
2670,68918.0,2012-08-22 18:45:00,merrick,ny,us,triangle,1200.0,2012,08,22,18,18,1200.0
2671,68921.0,2012-08-22 20:05:00,new york city (fresh meadows; queens),ny,us,cigar,120.0,2012,08,22,20,20,120.0
2678,69130.0,2012-08-23 06:55:00,new hyde park,ny,us,fireball,10.0,2012,08,23,6,6,10.0
2679,69132.0,2012-08-23 09:15:00,brentwood,ny,us,unknown,10.0,2012,08,23,9,9,10.0
2680,69133.0,2012-08-23 09:40:00,rochester,ny,us,changing,300.0,2012,08,23,9,9,300.0
2689,69348.0,2012-08-24 07:30:00,northport,ny,us,fireball,600.0,2012,08,24,7,7,600.0
2690,69349.0,2012-08-24 10:15:00,syracuse,ny,us,cigar,180.0,2012,08,24,10,10,180.0
2691,69364.0,2012-08-24 22:00:00,rochester,ny,us,sphere,3.0,2012,08,24,22,22,3.0
2692,69368.0,2012-08-24 23:00:00,bolton landing,ny,us,circle,120.0,2012,08,24,23,23,120.0
2713,69644.0,2012-08-25 20:00:00,fowler,ny,us,sphere,600.0,2012,08,25,20,20,600.0
2715,69650.0,2012-08-25 21:00:00,greece,ny,us,sphere,90.0,2012,08,25,21,21,90.0
2714,69647.0,2012-08-25 21:00:00,cortland,ny,us,fireball,600.0,2012,08,25,21,21,600.0
2716,69663.0,2012-08-25 21:45:00,hauppauge,ny,us,fireball,60.0,2012,08,25,21,21,60.0
2726,69865.0,2012-08-26 00:00:00,syracuse,ny,us,circle,600.0,2012,08,26,0,0,600.0
2727,69876.0,2012-08-26 18:00:00,lake george,ny,us,other,30.0,2012,08,26,18,18,30.0
2728,69888.0,2012-08-26 21:00:00,syracuse,ny,us,fireball,300.0,2012,08,26,21,21,300.0
2729,69892.0,2012-08-26 23:30:00,sag harbor,ny,us,fireball,5.0,2012,08,26,23,23,5.0
2738,70097.0,2012-08-27 06:10:00,lancaster,ny,us,teardrop,4.0,2012,08,27,6,6,4.0
2766,70510.0,2012-08-29 00:00:00,rochester,ny,us,light,300.0,2012,08,29,0,0,300.0
2767,70514.0,2012-08-29 12:00:00,new york city (bronx),ny,us,egg,600.0,2012,08,29,12,12,600.0
2768,70523.0,2012-08-29 21:40:00,clarence,ny,us,oval,60.0,2012,08,29,21,21,60.0
2802,71007.0,2012-08-31 23:30:00,amsterdam,ny,us,unknown,900.0,2012,08,31,23,23,900.0
2935,73716.0,2012-09-01 09:00:00,dexter,ny,us,fireball,120.0,2012,09,01,9,9,120.0
2936,73718.0,2012-09-01 10:28:00,oyster bay,ny,us,fireball,45.0,2012,09,01,10,10,45.0
2937,73725.0,2012-09-01 20:00:00,lake george,ny,us,sphere,90.0,2012,09,01,20,20,90.0
2938,73742.0,2012-09-01 21:45:00,lindenhurst,ny,us,fireball,5.0,2012,09,01,21,21,5.0
3070,76779.0,2012-09-02 22:00:00,southwick beach state park,ny,,fireball,300.0,2012,09,02,22,22,300.0
3169,79446.0,2012-09-05 20:24:00,miller place,ny,us,diamond,90.0,2012,09,05,20,20,90.0
3179,79643.0,2012-09-06 19:00:00,lockport,ny,us,circle,300.0,2012,09,06,19,19,300.0
3180,79646.0,2012-09-06 21:04:00,new york city (ozone park) (queens),ny,us,fireball,600.0,2012,09,06,21,21,600.0
3189,79837.0,2012-09-07 20:30:00,north tonawanda,ny,us,fireball,120.0,2012,09,07,20,20,120.0
3203,80064.0,2012-09-08 20:52:00,troy (east of),ny,us,light,120.0,2012,09,08,20,20,120.0
3204,80069.0,2012-09-08 21:10:00,lockport,ny,us,light,180.0,2012,09,08,21,21,180.0
3216,80303.0,2012-09-09 20:10:00,elmont,ny,us,circle,600.0,2012,09,09,20,20,600.0
3217,80308.0,2012-09-09 21:00:00,new york city (brooklyn),ny,us,light,1290.0,2012,09,09,21,21,1290.0
2890,73004.0,2012-09-10 18:00:00,stony brook,ny,us,flash,45.0,2012,09,10,18,18,45.0
2891,73006.0,2012-09-10 20:20:00,niagara falls,ny,us,fireball,300.0,2012,09,10,20,20,300.0
2892,73007.0,2012-09-10 20:30:00,herkimer,ny,us,oval,30.0,2012,09,10,20,20,30.0
2912,73245.0,2012-09-11 00:30:00,black river,ny,us,circle,900.0,2012,09,11,0,0,900.0
2947,74018.0,2012-09-12 20:30:00,schenectady,ny,us,fireball,420.0,2012,09,12,20,20,420.0
2955,74233.0,2012-09-13 00:50:00,buffalo,ny,us,light,5.0,2012,09,13,0,0,5.0
2991,74989.0,2012-09-15 19:00:00,theresa,ny,us,cigar,30.0,2012,09,15,19,19,30.0
3007,75438.0,2012-09-17 19:00:00,dryden,ny,us,light,10.0,2012,09,17,19,19,10.0
3035,75963.0,2012-09-19 14:00:00,new york city (brooklyn),ny,us,disk,600.0,2012,09,19,14,14,600.0
3036,75966.0,2012-09-19 20:15:00,lisbon,ny,us,light,15.0,2012,09,19,20,20,15.0
3037,75972.0,2012-09-20 00:00:00,whitehall,ny,us,unknown,50.0,2012,09,20,0,0,50.0
3055,76477.0,2012-09-21 20:30:00,kingston,ny,us,light,5.0,2012,09,21,20,20,5.0
3056,76478.0,2012-09-21 20:30:00,mallory,ny,us,oval,7.0,2012,09,21,20,20,7.0
3057,76483.0,2012-09-21 20:47:00,ithaca,ny,us,unknown,5.0,2012,09,21,20,20,5.0
3058,76485.0,2012-09-21 20:48:00,ithaca,ny,us,rectangle,5.0,2012,09,21,20,20,5.0
3059,76490.0,2012-09-21 21:20:00,aquebogue,ny,us,light,600.0,2012,09,21,21,21,600.0
3060,76491.0,2012-09-21 21:30:00,lockport,ny,us,fireball,300.0,2012,09,21,21,21,300.0
3108,77903.0,2012-09-26 20:20:00,depew,ny,us,light,120.0,2012,09,26,20,20,120.0
3128,78530.0,2012-09-29 20:00:00,north tonawanda,ny,us,fireball,120.0,2012,09,29,20,20,120.0
3129,78532.0,2012-09-29 20:30:00,buffalo,ny,us,unknown,300.0,2012,09,29,20,20,300.0
3139,78824.0,2012-09-30 22:00:00,kingston,ny,us,flash,5.0,2012,09,30,22,22,5.0
263,6377.0,2012-10-04 22:00:00,new york city (middle village) (queens),ny,us,fireball,120.0,2012,10,04,22,22,120.0
284,6789.0,2012-10-06 04:00:00,new york city (bronx),ny,us,light,5.0,2012,10,06,4,4,5.0
308,7370.0,2012-10-09 15:00:00,batavia,ny,us,circle,1800.0,2012,10,09,15,15,1800.0
309,7378.0,2012-10-09 23:30:00,woodbourne,ny,us,other,0.05,2012,10,09,23,23,0.05
16,250.0,2012-10-10 19:40:00,syracuse,ny,us,light,900.0,2012,10,10,19,19,900.0
17,251.0,2012-10-10 19:45:00,syracuse,ny,us,circle,240.0,2012,10,10,19,19,240.0
18,254.0,2012-10-10 20:15:00,new york city (bronx),ny,us,disk,1800.0,2012,10,10,20,20,1800.0
19,264.0,2012-10-10 23:01:00,suffern,ny,us,cylinder,20.0,2012,10,10,23,23,20.0
31,442.0,2012-10-11 07:00:00,bablyon,ny,,disk,120.0,2012,10,11,7,7,120.0
32,446.0,2012-10-11 19:45:00,saratoga springs,ny,us,circle,300.0,2012,10,11,19,19,300.0
83,1682.0,2012-10-14 23:00:00,nanuet,ny,us,light,1.5,2012,10,14,23,23,1.5
116,2443.0,2012-10-16 01:00:00,rochester,ny,us,teardrop,5.0,2012,10,16,1,1,5.0
124,2648.0,2012-10-17 01:05:00,webster,ny,us,other,3.0,2012,10,17,1,1,3.0
125,2655.0,2012-10-17 17:55:00,ridgewood,ny,us,oval,180.0,2012,10,17,17,17,180.0
149,3352.0,2012-10-20 17:30:00,new york city (brooklyn),ny,us,sphere,10.0,2012,10,20,17,17,10.0
150,3359.0,2012-10-20 19:15:00,delhi,ny,us,light,600.0,2012,10,20,19,19,600.0
161,3552.0,2012-10-21 04:00:00,islamorada,ny,,chevron,15.0,2012,10,21,4,4,15.0
178,3946.0,2012-10-22 18:20:00,wellsville,ny,us,fireball,60.0,2012,10,22,18,18,60.0
193,4599.0,2012-10-25 20:30:00,kings park,ny,us,triangle,120.0,2012,10,25,20,20,120.0
212,4957.0,2012-10-27 20:40:00,wading river,ny,us,fireball,60.0,2012,10,27,20,20,60.0
213,4965.0,2012-10-27 21:35:00,new york city (bronx),ny,us,fireball,240.0,2012,10,27,21,21,240.0
239,5606.0,2012-10-30 18:30:00,shrub oak,ny,us,egg,120.0,2012,10,30,18,18,120.0
559,14247.0,2012-11-03 23:45:00,pawling,ny,us,changing,1800.0,2012,11,03,23,23,1800.0
576,15083.0,2012-11-05 15:30:00,grand island,ny,,cigar,120.0,2012,11,05,15,15,120.0
577,15087.0,2012-11-05 17:20:00,brewster,ny,us,fireball,0.5,2012,11,05,17,17,0.5
326,7805.0,2012-11-10 18:30:00,derby,ny,us,,3000.0,2012,11,10,18,18,3000.0
327,7806.0,2012-11-10 18:30:00,endicott,ny,us,circle,600.0,2012,11,10,18,18,600.0
328,7830.0,2012-11-10 22:00:00,vestal,ny,us,triangle,2.0,2012,11,10,22,22,2.0
375,8817.0,2012-11-12 22:20:00,new york city,ny,us,sphere,600.0,2012,11,12,22,22,600.0
383,8997.0,2012-11-13 16:16:00,buffalo,ny,us,light,120.0,2012,11,13,16,16,120.0
391,9230.0,2012-11-14 05:00:00,lake ronkonkoma,ny,us,sphere,60.0,2012,11,14,5,5,60.0
392,9242.0,2012-11-14 18:35:00,levittown,ny,us,light,180.0,2012,11,14,18,18,180.0
427,10031.0,2012-11-16 16:30:00,owego,ny,us,circle,1.0,2012,11,16,16,16,1.0
428,10048.0,2012-11-16 23:38:00,lancaster,ny,us,fireball,300.0,2012,11,16,23,23,300.0
441,10282.0,2012-11-17 01:00:00,hicksville,ny,us,light,3.0,2012,11,17,1,1,3.0
442,10285.0,2012-11-17 10:00:00,jamesport,ny,us,disk,15.0,2012,11,17,10,10,15.0
460,10764.0,2012-11-19 00:35:00,new york city (brooklyn),ny,us,triangle,10.0,2012,11,19,0,0,10.0
461,10770.0,2012-11-19 11:50:00,saugerties/kingston,ny,,disk,7.0,2012,11,19,11,11,7.0
462,10782.0,2012-11-19 22:31:00,lancaster,ny,us,fireball,120.0,2012,11,19,22,22,120.0
504,12417.0,2012-11-22 02:00:00,south nayack (tarrytown),ny,,light,2.0,2012,11,22,2,2,2.0
505,12425.0,2012-11-22 16:45:00,mount kisco,ny,us,light,120.0,2012,11,22,16,16,120.0
506,12437.0,2012-11-22 19:30:00,holbrook,ny,us,light,180.0,2012,11,22,19,19,180.0
507,12440.0,2012-11-22 20:00:00,spencer,ny,us,light,240.0,2012,11,22,20,20,240.0
508,12453.0,2012-11-22 23:30:00,northport,ny,us,light,60.0,2012,11,22,23,23,60.0
516,12635.0,2012-11-23 10:00:00,warwick,ny,us,formation,15.0,2012,11,23,10,10,15.0
533,13327.0,2012-11-27 20:10:00,port jervis,ny,us,triangle,180.0,2012,11,27,20,20,180.0
537,13543.0,2012-11-28 21:36:00,haverstraw,ny,us,light,10800.0,2012,11,28,21,21,10800.0
544,13883.0,2012-11-30 22:20:00,schenectady,ny,us,other,600.0,2012,11,30,22,22,600.0
800,22092.0,2012-12-03 17:00:00,binghamton,ny,us,light,600.0,2012,12,03,17,17,600.0
801,22100.0,2012-12-03 20:00:00,goshen,ny,us,fireball,20.0,2012,12,03,20,20,20.0
813,22409.0,2012-12-04 19:00:00,plattekill,ny,us,circle,10800.0,2012,12,04,19,19,10800.0
822,22748.0,2012-12-05 10:37:00,buffalo,ny,us,flash,300.0,2012,12,05,10,10,300.0
833,23053.0,2012-12-06 18:45:00,canajoharie,ny,us,chevron,30.0,2012,12,06,18,18,30.0
838,23362.0,2012-12-07 21:25:00,kingston,ny,us,light,300.0,2012,12,07,21,21,300.0
686,18175.0,2012-12-14 05:00:00,new york city (queens),ny,us,changing,180.0,2012,12,14,5,5,180.0
693,18445.0,2012-12-15 23:00:00,freeport,ny,us,circle,300.0,2012,12,15,23,23,300.0
700,18604.0,2012-12-16 21:47:00,plattsburgh,ny,us,triangle,420.0,2012,12,16,21,21,420.0
711,18900.0,2012-12-18 23:45:00,islip,ny,us,light,10.0,2012,12,18,23,23,10.0
753,20589.0,2012-12-25 20:05:00,amherst,ny,us,light,180.0,2012,12,25,20,20,180.0
754,20598.0,2012-12-25 20:45:00,pine bush,ny,us,formation,60.0,2012,12,25,20,20,60.0
755,20601.0,2012-12-25 21:00:00,pine bush,ny,us,circle,900.0,2012,12,25,21,21,900.0
764,20779.0,2012-12-26 06:00:00,new york city (brooklyn),ny,us,disk,1200.0,2012,12,26,6,6,1200.0
766,20915.0,2012-12-27 17:15:00,new york city (manhattan),ny,us,fireball,30.0,2012,12,27,17,17,30.0
719,19199.0,2013-01-02 06:20:00,corona,ny,us,other,300.0,2013,01,02,6,6,300.0
871,24444.0,2013-01-03 06:45:00,bedford,ny,us,triangle,180.0,2013,01,03,6,6,180.0
885,24803.0,2013-01-05 18:35:00,milan,ny,us,fireball,2.0,2013,01,05,18,18,2.0
898,25337.0,2013-01-08 19:50:00,vestal,ny,us,triangle,180.0,2013,01,08,19,19,180.0
579,15118.0,2013-01-15 02:20:00,irvington,ny,us,unknown,1200.0,2013,01,15,2,2,1200.0
604,15867.0,2013-01-17 23:00:00,high falls,ny,us,cigar,7200.0,2013,01,17,23,23,7200.0
666,17607.0,2013-01-21 00:00:00,schenectady,ny,us,light,2.5,2013,01,21,0,0,2.5
823,22779.0,2013-01-25 06:02:00,schenectady,ny,us,flash,10.0,2013,01,25,6,6,10.0
824,22780.0,2013-01-25 06:05:00,schoharie,ny,us,fireball,10.0,2013,01,25,6,6,10.0
839,23405.0,2013-01-28 00:00:00,new york city (brooklyn),ny,us,light,1800.0,2013,01,28,0,0,1800.0
854,23985.0,2013-01-29 21:00:00,clifton park,ny,,light,240.0,2013,01,29,21,21,240.0
1058,29389.0,2013-02-04 19:36:00,remsen,ny,us,cylinder,300.0,2013,02,04,19,19,300.0
1068,29681.0,2013-02-06 05:55:00,blossvale,ny,us,light,180.0,2013,02,06,5,5,180.0
952,26997.0,2013-02-16 20:30:00,rochester,ny,us,light,300.0,2013,02,16,20,20,300.0
999,28112.0,2013-02-22 00:03:00,duanesburg,ny,us,oval,60.0,2013,02,22,0,0,60.0
1000,28113.0,2013-02-22 07:20:00,buffalo,ny,us,fireball,120.0,2013,02,22,7,7,120.0
1017,28462.0,2013-02-24 21:30:00,poughkkepsie,ny,,circle,600.0,2013,02,24,21,21,600.0
1031,28725.0,2013-02-26 06:00:00,liverpool,ny,us,sphere,360.0,2013,02,26,6,6,360.0
1032,28735.0,2013-02-26 21:22:00,new york city (bronx),ny,us,light,720.0,2013,02,26,21,21,720.0
1265,34892.0,2013-03-05 20:55:00,walworth,ny,us,other,30.0,2013,03,05,20,20,30.0
1269,35063.0,2013-03-06 23:00:00,henrietta,ny,us,rectangle,180.0,2013,03,06,23,23,180.0
1282,35414.0,2013-03-08 07:56:00,caniste,ny,,light,180.0,2013,03,08,7,7,180.0
1287,35580.0,2013-03-09 19:00:00,syracuse,ny,us,light,300.0,2013,03,09,19,19,300.0
1156,31961.0,2013-03-16 20:15:00,oswego,ny,us,triangle,10.0,2013,03,16,20,20,10.0
1179,32437.0,2013-03-19 21:00:00,new paltz,ny,us,fireball,180.0,2013,03,19,21,21,180.0
1198,33091.0,2013-03-22 19:56:00,staten island,ny,,fireball,10.0,2013,03,22,19,19,10.0
1204,33238.0,2013-03-23 19:59:00,ithaca,ny,us,fireball,3.0,2013,03,23,19,19,3.0
1233,34093.0,2013-03-29 21:00:00,avon/rushford,ny,,diamond,360.0,2013,03,29,21,21,360.0
1234,34100.0,2013-03-29 23:30:00,yonkers,ny,us,light,300.0,2013,03,29,23,23,300.0
1235,34101.0,2013-03-29 23:30:00,yonkers,ny,us,light,300.0,2013,03,29,23,23,300.0
1243,34270.0,2013-03-30 21:23:00,canajoharie,ny,us,triangle,30.0,2013,03,30,21,21,30.0
1307,36226.0,2013-04-01 22:00:00,forest hills (queens),ny,us,light,180.0,2013,04,01,22,22,180.0
1438,40095.0,2013-04-03 23:15:00,lancaster,ny,us,sphere,1800.0,2013,04,03,23,23,1800.0
1298,35951.0,2013-04-11 23:40:00,deerfield &amp; utica,ny,,light,600.0,2013,04,11,23,23,600.0
1325,36740.0,2013-04-14 00:00:00,kingston,ny,us,circle,10.0,2013,04,14,0,0,10.0
1326,36749.0,2013-04-14 20:53:00,hudson falls,ny,us,unknown,3.0,2013,04,14,20,20,3.0
1345,37303.0,2013-04-16 00:15:00,johnsonville,ny,us,changing,1200.0,2013,04,16,0,0,1200.0
1370,38036.0,2013-04-20 17:00:00,new york city,ny,us,disk,240.0,2013,04,20,17,17,240.0
1374,38240.0,2013-04-21 21:50:00,new york city (brooklyn),ny,us,light,15.0,2013,04,21,21,21,15.0
1401,38749.0,2013-04-23 23:00:00,clinton,ny,us,triangle,120.0,2013,04,23,23,23,120.0
1490,41773.0,2013-05-01 14:00:00,new york city (manhattan),ny,us,flash,300.0,2013,05,01,14,14,300.0
1491,41776.0,2013-05-01 21:25:00,elmont,ny,us,triangle,1800.0,2013,05,01,21,21,1800.0
1626,45411.0,2013-05-03 19:30:00,medford,ny,us,cylinder,300.0,2013,05,03,19,19,300.0
1632,45569.0,2013-05-04 09:45:00,ithaca,ny,us,circle,900.0,2013,05,04,9,9,900.0
1633,45580.0,2013-05-04 21:30:00,baldwinsville,ny,us,unknown,300.0,2013,05,04,21,21,300.0
1634,45582.0,2013-05-04 21:30:00,williamsville,ny,us,oval,45.0,2013,05,04,21,21,45.0
1665,46296.0,2013-05-08 22:45:00,nassau county,ny,us,circle,300.0,2013,05,08,22,22,300.0
1473,41488.0,2013-05-11 23:58:00,ridgewood (queens),ny,us,circle,180.0,2013,05,11,23,23,180.0
1511,42279.0,2013-05-14 04:00:00,highland mills,ny,us,light,120.0,2013,05,14,4,4,120.0
1540,42940.0,2013-05-17 10:00:00,wantagh,ny,us,cone,60.0,2013,05,17,10,10,60.0
1541,42941.0,2013-05-17 19:00:00,glen cove,ny,us,circle,2700.0,2013,05,17,19,19,2700.0
1542,42943.0,2013-05-17 21:15:00,bellport,ny,us,triangle,1800.0,2013,05,17,21,21,1800.0
1548,43281.0,2013-05-19 22:52:00,new york city (glen oaks/littleneck area&#44 queens),ny,us,light,120.0,2013,05,19,22,22,120.0
1556,43498.0,2013-05-20 22:30:00,port washington,ny,us,fireball,180.0,2013,05,20,22,22,180.0
1557,43499.0,2013-05-20 22:45:00,lynbrook (long island),ny,us,fireball,30.0,2013,05,20,22,22,30.0
1565,43944.0,2013-05-22 22:50:00,goshen,ny,us,fireball,900.0,2013,05,22,22,22,900.0
1578,44361.0,2013-05-25 22:00:00,portville,ny,us,unknown,900.0,2013,05,25,22,22,900.0
1585,44513.0,2013-05-26 21:03:00,west babylon,ny,us,light,15.0,2013,05,26,21,21,15.0
1586,44519.0,2013-05-26 21:30:00,rochester,ny,us,light,120.0,2013,05,26,21,21,120.0
1587,44527.0,2013-05-26 22:00:00,green island,ny,us,other,4.0,2013,05,26,22,22,4.0
1591,44665.0,2013-05-27 00:10:00,long island city,ny,us,light,1.0,2013,05,27,0,0,1.0
1592,44678.0,2013-05-27 21:18:00,north tonawanda,ny,us,other,120.0,2013,05,27,21,21,120.0
1611,44985.0,2013-05-29 21:16:00,glen head,ny,us,circle,60.0,2013,05,29,21,21,60.0
1618,45264.0,2013-05-31 10:00:00,green island,ny,us,triangle,4.0,2013,05,31,10,10,4.0
1619,45271.0,2013-05-31 21:30:00,cassadaga,ny,us,triangle,480.0,2013,05,31,21,21,480.0
1620,45281.0,2013-05-31 22:30:00,northport,ny,us,fireball,60.0,2013,05,31,22,22,60.0
1980,53414.0,2013-06-03 21:00:00,gloversville,ny,us,light,180.0,2013,06,03,21,21,180.0
1981,53426.0,2013-06-03 22:30:00,ithaca,ny,us,light,300.0,2013,06,03,22,22,300.0
1993,53762.0,2013-06-05 22:05:00,binghamton,ny,us,diamond,180.0,2013,06,05,22,22,180.0
2024,54580.0,2013-06-09 22:10:00,rochester,ny,us,formation,120.0,2013,06,09,22,22,120.0
2025,54583.0,2013-06-09 22:35:00,poughkeepsie,ny,us,circle,300.0,2013,06,09,22,22,300.0
1688,46687.0,2013-06-10 10:50:00,jamestown,ny,us,fireball,120.0,2013,06,10,10,10,120.0
1769,48555.0,2013-06-14 14:00:00,cheektowa,ny,,disk,45.0,2013,06,14,14,14,45.0
1804,49444.0,2013-06-15 15:15:00,binghamton,ny,us,sphere,120.0,2013,06,15,15,15,120.0
1805,49466.0,2013-06-15 22:30:00,ontario,ny,us,fireball,300.0,2013,06,15,22,22,300.0
1813,49651.0,2013-06-16 21:50:00,grahamsville,ny,us,light,30.0,2013,06,16,21,21,30.0
1847,50563.0,2013-06-20 22:00:00,patchogue,ny,us,light,30.0,2013,06,20,22,22,30.0
1861,50769.0,2013-06-21 22:38:00,salamanca,ny,us,sphere,240.0,2013,06,21,22,22,240.0
1877,51133.0,2013-06-22 21:33:00,new york city (brooklyn),ny,us,other,60.0,2013,06,22,21,21,60.0
1878,51135.0,2013-06-22 22:00:00,albany,ny,us,fireball,600.0,2013,06,22,22,22,600.0
1879,51152.0,2013-06-22 22:35:00,barker,ny,us,fireball,10.0,2013,06,22,22,22,10.0
1909,51844.0,2013-06-25 22:00:00,bellport,ny,us,circle,60.0,2013,06,25,22,22,60.0
1910,51849.0,2013-06-25 23:20:00,ogdensburg,ny,us,light,900.0,2013,06,25,23,23,900.0
1933,52571.0,2013-06-29 21:40:00,baldwinsville,ny,us,sphere,180.0,2013,06,29,21,21,180.0
1932,52570.0,2013-06-29 21:40:00,baldwinsville,ny,us,circle,180.0,2013,06,29,21,21,180.0
2094,55647.0,2013-07-01 23:40:00,new york city (bronx&#44 riverdale),ny,us,light,720.0,2013,07,01,23,23,720.0
2402,62646.0,2013-07-04 21:30:00,long lake,ny,us,circle,600.0,2013,07,04,21,21,600.0
2403,62656.0,2013-07-04 21:40:00,cheektowaga,ny,us,fireball,180.0,2013,07,04,21,21,180.0
2404,62661.0,2013-07-04 21:45:00,cohoes,ny,us,fireball,120.0,2013,07,04,21,21,120.0
2407,62692.0,2013-07-04 22:00:00,syosset,ny,us,oval,15.0,2013,07,04,22,22,15.0
2405,62674.0,2013-07-04 22:00:00,buffalo,ny,us,fireball,3600.0,2013,07,04,22,22,3600.0
2406,62676.0,2013-07-04 22:00:00,copiague,ny,us,light,10.0,2013,07,04,22,22,10.0
2408,62709.0,2013-07-04 22:30:00,buffalo,ny,us,disk,120.0,2013,07,04,22,22,120.0
2409,62716.0,2013-07-04 22:30:00,massapequa,ny,us,circle,30.0,2013,07,04,22,22,30.0
2410,62718.0,2013-07-04 22:30:00,mount sinai,ny,us,circle,120.0,2013,07,04,22,22,120.0
2411,62731.0,2013-07-04 22:40:00,levittown,ny,us,sphere,1800.0,2013,07,04,22,22,1800.0
2412,62749.0,2013-07-04 23:15:00,valley stream,ny,us,oval,20.0,2013,07,04,23,23,20.0
2413,62759.0,2013-07-05 00:00:00,new york city,ny,us,disk,60.0,2013,07,05,0,0,60.0
2424,63051.0,2013-07-05 22:40:00,franklin square,ny,us,circle,60.0,2013,07,05,22,22,60.0
2432,63305.0,2013-07-06 22:00:00,new york city (brooklyn),ny,us,fireball,40.0,2013,07,06,22,22,40.0
2433,63316.0,2013-07-06 22:25:00,new york city (brooklyn),ny,us,light,180.0,2013,07,06,22,22,180.0
2434,63318.0,2013-07-06 22:30:00,canajoharie,ny,us,circle,300.0,2013,07,06,22,22,300.0
2441,63671.0,2013-07-07 20:59:00,lindenhurst,ny,us,circle,120.0,2013,07,07,20,20,120.0
2049,54886.0,2013-07-10 22:35:00,minoa,ny,us,unknown,600.0,2013,07,10,22,22,600.0
2105,55871.0,2013-07-12 11:30:00,fairport,ny,us,circle,60.0,2013,07,12,11,11,60.0
2106,55876.0,2013-07-12 21:00:00,ithaca,ny,us,fireball,600.0,2013,07,12,21,21,600.0
2122,56142.0,2013-07-13 20:30:00,sodus center,ny,us,light,60.0,2013,07,13,20,20,60.0
2123,56145.0,2013-07-13 21:00:00,coram,ny,us,cone,300.0,2013,07,13,21,21,300.0
2138,56432.0,2013-07-14 23:00:00,endicott,ny,us,other,2100.0,2013,07,14,23,23,2100.0
2173,57475.0,2013-07-16 22:05:00,slate hill,ny,us,flash,120.0,2013,07,16,22,22,120.0
2174,57476.0,2013-07-16 22:30:00,new york city (bronx),ny,us,light,3600.0,2013,07,16,22,22,3600.0
2190,57964.0,2013-07-18 21:30:00,buffalo,ny,us,unknown,30.0,2013,07,18,21,21,30.0
2191,57970.0,2013-07-18 22:30:00,willet,ny,us,fireball,240.0,2013,07,18,22,22,240.0
2202,58160.0,2013-07-19 23:00:00,staten island,ny,,other,300.0,2013,07,19,23,23,300.0
2221,58485.0,2013-07-20 21:40:00,dunkirk,ny,us,fireball,20.0,2013,07,20,21,21,20.0
2222,58486.0,2013-07-20 21:49:00,lockport,ny,us,circle,96.0,2013,07,20,21,21,96.0
2239,58719.0,2013-07-21 20:45:00,amityville,ny,us,formation,1200.0,2013,07,21,20,20,1200.0
2285,59818.0,2013-07-25 06:00:00,fredonia,ny,us,light,5.0,2013,07,25,6,6,5.0
2286,59826.0,2013-07-25 21:15:00,syracuse,ny,us,circle,1800.0,2013,07,25,21,21,1800.0
2287,59827.0,2013-07-25 21:20:00,east aurora,ny,us,oval,300.0,2013,07,25,21,21,300.0
2299,60013.0,2013-07-26 00:00:00,south kortright,ny,us,circle,1800.0,2013,07,26,0,0,1800.0
2300,60031.0,2013-07-26 22:30:00,corfu,ny,us,fireball,120.0,2013,07,26,22,22,120.0
2301,60034.0,2013-07-26 23:00:00,bridgeport,ny,us,light,240.0,2013,07,26,23,23,240.0
2302,60037.0,2013-07-26 23:30:00,middlesex,ny,us,,1200.0,2013,07,26,23,23,1200.0
2318,60270.0,2013-07-27 21:30:00,middle village,ny,us,circle,3600.0,2013,07,27,21,21,3600.0
2319,60271.0,2013-07-27 21:50:00,sag harbor,ny,us,fireball,240.0,2013,07,27,21,21,240.0
2335,60695.0,2013-07-29 01:00:00,buffalo,ny,us,,10.0,2013,07,29,1,1,10.0
2336,60707.0,2013-07-29 20:45:00,gallatin/red hook,ny,,light,20.0,2013,07,29,20,20,20.0
2337,60717.0,2013-07-29 21:50:00,new york city (bronx),ny,us,triangle,15.0,2013,07,29,21,21,15.0
2349,60956.0,2013-07-30 21:15:00,east moriches,ny,us,light,420.0,2013,07,30,21,21,420.0
2357,61191.0,2013-07-31 21:30:00,huntington station,ny,us,fireball,30.0,2013,07,31,21,21,30.0
2358,61192.0,2013-07-31 21:55:00,buffalo,ny,us,fireball,900.0,2013,07,31,21,21,900.0
2662,68706.0,2013-08-02 21:00:00,liverpool,ny,us,sphere,3600.0,2013,08,02,21,21,3600.0
2811,71255.0,2013-08-03 04:00:00,suffolk,ny,,unknown,2.0,2013,08,03,4,4,2.0
2812,71256.0,2013-08-03 04:05:00,deer park,ny,us,light,5.0,2013,08,03,4,4,5.0
2813,71263.0,2013-08-03 21:15:00,voorheesville,ny,us,circle,30.0,2013,08,03,21,21,30.0
2814,71269.0,2013-08-03 21:30:00,new york city (bronx),ny,us,fireball,120.0,2013,08,03,21,21,120.0
2824,71501.0,2013-08-04 00:10:00,riverhead,ny,us,fireball,480.0,2013,08,04,0,0,480.0
2825,71516.0,2013-08-04 21:05:00,lake george,ny,us,circle,240.0,2013,08,04,21,21,240.0
2826,71517.0,2013-08-04 21:07:00,lake george village,ny,,sphere,180.0,2013,08,04,21,21,180.0
2839,71982.0,2013-08-06 21:00:00,hartford,ny,us,light,600.0,2013,08,06,21,21,600.0
2475,64436.0,2013-08-10 22:00:00,brewster,ny,us,oval,120.0,2013,08,10,22,22,120.0
2515,65575.0,2013-08-12 05:00:00,utica,ny,us,changing,7200.0,2013,08,12,5,5,7200.0
2516,65589.0,2013-08-12 21:30:00,massena,ny,us,triangle,2.0,2013,08,12,21,21,2.0
2534,65864.0,2013-08-13 22:40:00,batavia,ny,us,light,900.0,2013,08,13,22,22,900.0
2578,66853.0,2013-08-15 17:00:00,watervliet,ny,us,circle,1200.0,2013,08,15,17,17,1200.0
2589,67093.0,2013-08-16 22:00:00,syracuse,ny,us,other,300.0,2013,08,16,22,22,300.0
2593,67335.0,2013-08-17 21:00:00,sag harbor,ny,us,circle,1800.0,2013,08,17,21,21,1800.0
2606,67608.0,2013-08-18 21:15:00,lake george (just north of),ny,us,light,30.0,2013,08,18,21,21,30.0
2638,68213.0,2013-08-20 05:30:00,pine bush,ny,us,other,5.0,2013,08,20,5,5,5.0
2651,68494.0,2013-08-21 21:40:00,new york,ny,us,rectangle,40.0,2013,08,21,21,21,40.0
2650,68493.0,2013-08-21 21:40:00,new york city (brooklyn),ny,us,light,15.0,2013,08,21,21,21,15.0
2652,68495.0,2013-08-21 21:50:00,rhinebeck,ny,us,fireball,1080.0,2013,08,21,21,21,1080.0
2653,68499.0,2013-08-21 22:30:00,new york city (brooklyn),ny,us,sphere,300.0,2013,08,21,22,22,300.0
2672,68932.0,2013-08-22 03:00:00,slingerlands,ny,us,unknown,180.0,2013,08,22,3,3,180.0
2694,69380.0,2013-08-24 20:00:00,elmira,ny,us,sphere,180.0,2013,08,24,20,20,180.0
2693,69379.0,2013-08-24 20:00:00,bemus point,ny,us,circle,3600.0,2013,08,24,20,20,3600.0
2696,69397.0,2013-08-24 21:00:00,new york city (bronx),ny,us,other,180.0,2013,08,24,21,21,180.0
2695,69396.0,2013-08-24 21:00:00,new york city (bronx),ny,us,circle,1200.0,2013,08,24,21,21,1200.0
2697,69401.0,2013-08-24 21:15:00,guilderland,ny,us,sphere,180.0,2013,08,24,21,21,180.0
2717,69679.0,2013-08-25 00:01:00,lockport,ny,us,fireball,180.0,2013,08,25,0,0,180.0
2718,69689.0,2013-08-25 19:50:00,syracuse,ny,us,changing,120.0,2013,08,25,19,19,120.0
2739,70118.0,2013-08-27 20:50:00,new york city (queens; fresh meadows),ny,us,fireball,1200.0,2013,08,27,20,20,1200.0
2757,70350.0,2013-08-28 22:30:00,auburn,ny,us,formation,180.0,2013,08,28,22,22,180.0
2781,70769.0,2013-08-30 20:30:00,east aurora,ny,us,formation,300.0,2013,08,30,20,20,300.0
2803,71020.0,2013-08-31 20:20:00,lake grove,ny,us,fireball,30.0,2013,08,31,20,20,30.0
2804,71029.0,2013-08-31 21:00:00,smithtown,ny,us,triangle,300.0,2013,08,31,21,21,300.0
2805,71042.0,2013-08-31 22:14:00,kingston,ny,us,other,300.0,2013,08,31,22,22,300.0
2806,71044.0,2013-08-31 22:20:00,phoenix,ny,us,circle,240.0,2013,08,31,22,22,240.0
3150,79045.0,2013-09-03 22:44:00,chittenango,ny,us,circle,120.0,2013,09,03,22,22,120.0
3160,79244.0,2013-09-04 00:24:00,coram,ny,us,flash,240.0,2013,09,04,0,0,240.0
3170,79473.0,2013-09-05 22:20:00,boston,ny,us,oval,2.0,2013,09,05,22,22,2.0
3171,79478.0,2013-09-05 23:45:00,fairport,ny,us,oval,1200.0,2013,09,05,23,23,1200.0
2956,74246.0,2013-09-13 05:30:00,kingston,ny,us,oval,1200.0,2013,09,13,5,5,1200.0
2968,74485.0,2013-09-14 20:00:00,syracuse,ny,us,circle,600.0,2013,09,14,20,20,600.0
2967,74480.0,2013-09-14 20:00:00,blossvale,ny,us,fireball,180.0,2013,09,14,20,20,180.0
2969,74509.0,2013-09-14 23:00:00,ashville,ny,us,cone,900.0,2013,09,14,23,23,900.0
2992,75026.0,2013-09-15 20:00:00,deer park,ny,us,light,300.0,2013,09,15,20,20,300.0
3016,75651.0,2013-09-18 12:00:00,melville,ny,us,cylinder,120.0,2013,09,18,12,12,120.0
3038,75981.0,2013-09-19 20:05:00,northville,ny,us,fireball,600.0,2013,09,19,20,20,600.0
3039,75986.0,2013-09-19 21:05:00,horseheads/elmira,ny,,triangle,900.0,2013,09,19,21,21,900.0
3075,77089.0,2013-09-22 23:45:00,east islip,ny,us,light,25.0,2013,09,22,23,23,25.0
3091,77483.0,2013-09-24 05:30:00,east syracuse,ny,us,disk,300.0,2013,09,24,5,5,300.0
3096,77724.0,2013-09-25 19:30:00,lafayette,ny,us,light,300.0,2013,09,25,19,19,300.0
3113,78098.0,2013-09-27 00:25:00,albany/ colonie,ny,,fireball,2.0,2013,09,27,0,0,2.0
3118,78328.0,2013-09-28 20:00:00,binghamton,ny,us,light,600.0,2013,09,28,20,20,600.0
3119,78331.0,2013-09-28 20:00:00,owls head,ny,us,circle,600.0,2013,09,28,20,20,600.0
3120,78340.0,2013-09-28 21:00:00,niagara falls,ny,us,circle,60.0,2013,09,28,21,21,60.0
3130,78548.0,2013-09-29 02:30:00,tonawanda,ny,us,triangle,120.0,2013,09,29,2,2,120.0
3131,78557.0,2013-09-29 19:00:00,catskill,ny,us,light,300.0,2013,09,29,19,19,300.0
3132,78561.0,2013-09-29 20:00:00,east nassau,ny,us,flash,3600.0,2013,09,29,20,20,3600.0
3140,78826.0,2013-09-30 00:10:00,staten island,ny,,formation,420.0,2013,09,30,0,0,420.0
3141,78827.0,2013-09-30 03:30:00,keeseville,ny,us,changing,3600.0,2013,09,30,3,3,3600.0
59,975.0,2013-10-01 19:20:00,webster,ny,us,sphere,1800.0,2013,10,01,19,19,1800.0
60,982.0,2013-10-01 22:45:00,middle island (long island),ny,us,fireball,1200.0,2013,10,01,22,22,1200.0
171,3763.0,2013-10-02 22:00:00,caledonia,ny,us,triangle,5.0,2013,10,02,22,22,5.0
264,6413.0,2013-10-04 23:55:00,new york city (bronx),ny,us,teardrop,120.0,2013,10,04,23,23,120.0
273,6593.0,2013-10-05 00:40:00,staten island,ny,,circle,2.0,2013,10,05,0,0,2.0
274,6594.0,2013-10-05 01:00:00,altamont,ny,us,light,420.0,2013,10,05,1,1,420.0
310,7391.0,2013-10-09 19:00:00,new york city (bronx),ny,us,light,600.0,2013,10,09,19,19,600.0
33,471.0,2013-10-11 21:00:00,fayetteville,ny,us,chevron,90.0,2013,10,11,21,21,90.0
67,1187.0,2013-10-12 04:30:00,cambridge,ny,us,light,7200.0,2013,10,12,4,4,7200.0
68,1190.0,2013-10-12 13:00:00,owego,ny,us,disk,120.0,2013,10,12,13,13,120.0
75,1454.0,2013-10-13 19:00:00,irondequoit,ny,us,fireball,600.0,2013,10,13,19,19,600.0
76,1474.0,2013-10-13 22:55:00,new york city (brooklyn),ny,us,sphere,420.0,2013,10,13,22,22,420.0
151,3384.0,2013-10-20 19:00:00,germantown,ny,us,light,900.0,2013,10,20,19,19,900.0
179,3956.0,2013-10-22 06:00:00,albany,ny,us,disk,30.0,2013,10,22,6,6,30.0
189,4413.0,2013-10-24 20:00:00,plainview,ny,us,triangle,3600.0,2013,10,24,20,20,3600.0
363,8602.0,2013-11-01 21:00:00,ravena,ny,us,fireball,60.0,2013,11,01,21,21,60.0
364,8605.0,2013-11-01 22:00:00,new paltz,ny,us,circle,300.0,2013,11,01,22,22,300.0
560,14271.0,2013-11-03 19:00:00,palmyra,ny,us,light,14400.0,2013,11,03,19,19,14400.0
566,14616.0,2013-11-04 21:50:00,niskayuna,ny,us,other,120.0,2013,11,04,21,21,120.0
637,16604.0,2013-11-09 18:00:00,farmingdale,ny,us,fireball,600.0,2013,11,09,18,18,600.0
384,9033.0,2013-11-13 19:15:00,mcgraw,ny,us,fireball,600.0,2013,11,13,19,19,600.0
416,9670.0,2013-11-15 17:30:00,lisbon,ny,us,light,10.0,2013,11,15,17,17,10.0
417,9683.0,2013-11-15 22:30:00,syosset,ny,us,unknown,1020.0,2013,11,15,22,22,1020.0
429,10065.0,2013-11-16 19:30:00,waterville,ny,us,unknown,600.0,2013,11,16,19,19,600.0
490,11863.0,2013-11-21 06:25:00,lockport,ny,us,fireball,600.0,2013,11,21,6,6,600.0
521,12846.0,2013-11-24 19:00:00,caledonia,ny,us,triangle,900.0,2013,11,24,19,19,900.0
529,13159.0,2013-11-26 01:00:00,copake,ny,us,light,3600.0,2013,11,26,1,1,3600.0
538,13571.0,2013-11-28 18:52:00,gardiner,ny,us,fireball,180.0,2013,11,28,18,18,180.0
545,13913.0,2013-11-30 21:10:00,sag harbor,ny,us,fireball,180.0,2013,11,30,21,21,180.0
834,23102.0,2013-12-06 22:30:00,kingston,ny,us,light,300.0,2013,12,06,22,22,300.0
679,18020.0,2013-12-13 16:00:00,pleasantville,ny,us,diamond,300.0,2013,12,13,16,16,300.0
782,21407.0,2013-12-30 19:00:00,albany (near),ny,us,triangle,60.0,2013,12,30,19,19,60.0
787,21776.0,2013-12-31 20:40:00,westport/wadhams,ny,,light,240.0,2013,12,31,20,20,240.0
478,11431.0,2014-01-01 00:12:00,baldwin,ny,us,fireball,240.0,2014,01,01,0,0,240.0
876,24625.0,2014-01-04 11:00:00,new york city (brooklyn),ny,us,light,20.0,2014,01,04,11,11,20.0
877,24643.0,2014-01-04 22:30:00,new york city (queens; flushing),ny,us,oval,120.0,2014,01,04,22,22,120.0
365,8627.0,2014-01-11 22:25:00,new york city (queens),ny,us,light,60.0,2014,01,11,22,22,60.0
499,12235.0,2014-01-12 00:05:00,northport,ny,us,diamond,30.0,2014,01,12,0,0,30.0
500,12250.0,2014-01-12 19:30:00,rochester,ny,us,light,120.0,2014,01,12,19,19,120.0
596,15507.0,2014-01-16 18:40:00,corinth,ny,us,light,300.0,2014,01,16,18,18,300.0
667,17642.0,2014-01-21 22:30:00,hampton bays,ny,us,light,900.0,2014,01,21,22,22,900.0
814,22468.0,2014-01-24 22:05:00,levittown,ny,us,unknown,20.0,2014,01,24,22,22,20.0
855,24002.0,2014-01-29 20:00:00,schenectady,ny,us,triangle,900.0,2014,01,29,20,20,900.0
916,26020.0,2014-02-01 20:00:00,new york city (brooklyn),ny,us,circle,8.0,2014,02,01,20,20,8.0
1069,29702.0,2014-02-06 17:17:00,new paltz,ny,us,changing,15.0,2014,02,06,17,17,15.0
1070,29707.0,2014-02-06 21:00:00,new york city (queens),ny,us,circle,300.0,2014,02,06,21,21,300.0
1073,29832.0,2014-02-07 18:30:00,harriman,ny,us,fireball,2.0,2014,02,07,18,18,2.0
1074,29838.0,2014-02-07 20:55:00,rochester,ny,us,light,120.0,2014,02,07,20,20,120.0
1082,30001.0,2014-02-08 18:10:00,new york city (brooklyn),ny,us,sphere,10.0,2014,02,08,18,18,10.0
1083,30010.0,2014-02-08 21:30:00,flushing,ny,us,cylinder,240.0,2014,02,08,21,21,240.0
1084,30013.0,2014-02-08 22:30:00,new york city (queens),ny,us,circle,300.0,2014,02,08,22,22,300.0
1089,30155.0,2014-02-09 01:05:00,bethel,ny,us,diamond,300.0,2014,02,09,1,1,300.0
912,25652.0,2014-02-10 18:20:00,poughquag,ny,us,diamond,120.0,2014,02,10,18,18,120.0
980,27785.0,2014-02-21 22:30:00,glenwood,ny,us,formation,60.0,2014,02,21,22,22,60.0
1001,28122.0,2014-02-22 00:23:00,hopewell junction,ny,us,circle,60.0,2014,02,22,0,0,60.0
1002,28154.0,2014-02-22 23:00:00,new york city (bronx),ny,us,light,15.0,2014,02,22,23,23,15.0
1009,28306.0,2014-02-23 19:32:00,olean,ny,us,triangle,120.0,2014,02,23,19,19,120.0
1010,28312.0,2014-02-23 20:43:00,ballston spa,ny,us,fireball,60.0,2014,02,23,20,20,60.0
1011,28315.0,2014-02-23 21:00:00,latham,ny,us,circle,3.0,2014,02,23,21,21,3.0
1012,28316.0,2014-02-23 21:00:00,levittown,ny,us,fireball,2.0,2014,02,23,21,21,2.0
1041,28912.0,2014-02-27 21:33:00,attica,ny,us,circle,300.0,2014,02,27,21,21,300.0
1047,29057.0,2014-02-28 09:30:00,rochester,ny,us,light,5.0,2014,02,28,9,9,5.0
1048,29061.0,2014-02-28 18:00:00,schenectady,ny,us,changing,300.0,2014,02,28,18,18,300.0
1049,29064.0,2014-02-28 21:30:00,canandaigua,ny,us,teardrop,5.0,2014,02,28,21,21,5.0
1118,30804.0,2014-03-01 21:30:00,patchogue,ny,us,light,600.0,2014,03,01,21,21,600.0
1195,32947.0,2014-03-02 01:30:00,middlesex,ny,us,teardrop,1800.0,2014,03,02,1,1,1800.0
1277,35261.0,2014-03-07 00:20:00,kingston,ny,us,fireball,120.0,2014,03,07,0,0,120.0
1288,35605.0,2014-03-09 20:45:00,commack,ny,us,fireball,240.0,2014,03,09,20,20,240.0
1104,30534.0,2014-03-11 04:02:00,guilderland,ny,us,light,20.0,2014,03,11,4,4,20.0
1105,30537.0,2014-03-11 11:00:00,new york city (brooklyn),ny,us,cylinder,300.0,2014,03,11,11,11,300.0
1142,31443.0,2014-03-14 22:00:00,rochester,ny,us,unknown,300.0,2014,03,14,22,22,300.0
1186,32646.0,2014-03-20 21:00:00,lockwood,ny,us,,120.0,2014,03,20,21,21,120.0
1191,32802.0,2014-03-21 21:00:00,shirley,ny,us,chevron,180.0,2014,03,21,21,21,180.0
1217,33536.0,2014-03-25 01:00:00,wallkill,ny,us,oval,120.0,2014,03,25,1,1,120.0
1226,33813.0,2014-03-27 05:20:00,homer,ny,us,disk,15.0,2014,03,27,5,5,15.0
1248,34438.0,2014-03-31 04:00:00,binghamton,ny,us,chevron,600.0,2014,03,31,4,4,600.0
1249,34449.0,2014-03-31 21:25:00,new york city,ny,us,light,240.0,2014,03,31,21,21,240.0
1308,36230.0,2014-04-01 08:45:00,centralia,ny,us,other,60.0,2014,04,01,8,8,60.0
1309,36240.0,2014-04-01 22:00:00,auburn,ny,us,triangle,900.0,2014,04,01,22,22,900.0
1385,38390.0,2014-04-02 00:00:00,westmoreland,ny,us,disk,120.0,2014,04,02,0,0,120.0
1386,38397.0,2014-04-02 18:30:00,saugerties,ny,us,circle,600.0,2014,04,02,18,18,600.0
1439,40105.0,2014-04-03 20:15:00,pine bush,ny,us,unknown,60.0,2014,04,03,20,20,60.0
1447,40614.0,2014-04-06 13:15:00,cornwallville,ny,us,cigar,8.0,2014,04,06,13,13,8.0
1299,35965.0,2014-04-11 20:00:00,rochester (?),ny,us,light,600.0,2014,04,11,20,20,600.0
1350,37516.0,2014-04-17 23:30:00,vestal,ny,us,light,900.0,2014,04,17,23,23,900.0
1371,38061.0,2014-04-20 20:35:00,pearl river,ny,us,fireball,300.0,2014,04,20,20,20,300.0
1392,38580.0,2014-04-22 20:50:00,cocoa beach,ny,,fireball,180.0,2014,04,22,20,20,180.0
1434,39796.0,2014-04-29 05:00:00,lysander,ny,us,light,3600.0,2014,04,29,5,5,3600.0
1646,45838.0,2014-05-05 23:04:00,west seneca,ny,,circle,10.0,2014,05,05,23,23,10.0
